Year,Province_ID,Crop_Type,Fert_ID,Description,Fertilizer_Applied,Emissions,IEF
1990,AB,Annual,1,Urea,113743300.4,6844628.436,0.060176102
1990,AB,Annual,2,Urea ammonium nitrate,10863884.69,495316.03,0.045592902
1990,AB,Annual,3,Anhydrous ammonia,127384814.7,6390363.297,0.050165817
1990,AB,Annual,4,Other,66027715.09,2510178.704,0.038017046
1990,BC,Annual,1,Urea,4088939.133,237367.3616,0.058051087
1990,BC,Annual,2,Urea ammonium nitrate,0,0,
1990,BC,Annual,3,Anhydrous ammonia,5679618.45,275987.1623,0.048592553
1990,BC,Annual,4,Other,5659358.728,208964.328,0.036923676
1990,MB,Annual,1,Urea,65429100.06,4672146.823,0.071407781
1990,MB,Annual,2,Urea ammonium nitrate,11623258.3,633816.7216,0.054530038
1990,MB,Annual,3,Anhydrous ammonia,98023424.21,5881340.539,0.059999338
1990,MB,Annual,4,Other,48312361.21,2195132.784,0.045436255
1990,NB,Annual,1,Urea,281304.8314,24920.69799,0.088589655
1990,NB,Annual,2,Urea ammonium nitrate,0,0,
1990,NB,Annual,3,Anhydrous ammonia,0,0,
1990,NB,Annual,4,Other,4304835.769,138790.0848,0.032240506
1990,NL,Annual,1,Urea,0,0,
1990,NL,Annual,2,Urea ammonium nitrate,0,0,
1990,NL,Annual,3,Anhydrous ammonia,0,0,
1990,NL,Annual,4,Other,6363.142797,203.3760206,0.031961568
1990,NS,Annual,1,Urea,0,0,
1990,NS,Annual,2,Urea ammonium nitrate,0,0,
1990,NS,Annual,3,Anhydrous ammonia,0,0,
1990,NS,Annual,4,Other,502317.0173,16054.83946,0.031961568
1990,ON,Annual,1,Urea,68279041.49,6862715.787,0.100509844
1990,ON,Annual,2,Urea ammonium nitrate,33135641.2,2051027.518,0.061897928
1990,ON,Annual,3,Anhydrous ammonia,23247468.1,1266806.833,0.05449225
1990,ON,Annual,4,Other,41184366.43,1506952.212,0.036590394
1990,PE,Annual,1,Urea,297481.9664,26044.28001,0.087549105
1990,PE,Annual,2,Urea ammonium nitrate,0,0,
1990,PE,Annual,3,Anhydrous ammonia,0,0,
1990,PE,Annual,4,Other,8318611.635,265875.8706,0.031961568
1990,QC,Annual,1,Urea,19948888.3,1792041.988,0.089831672
1990,QC,Annual,2,Urea ammonium nitrate,3417170.555,187867.4742,0.054977494
1990,QC,Annual,3,Anhydrous ammonia,1964010.147,95057.69893,0.0483998
1990,QC,Annual,4,Other,28392992.67,925270.1667,0.032587976
1990,SK,Annual,1,Urea,112499342.7,6934699.623,0.061642135
1990,SK,Annual,2,Urea ammonium nitrate,2723954.723,128150.4406,0.047045731
1990,SK,Annual,3,Anhydrous ammonia,84738613.44,4386440.328,0.051764363
1990,SK,Annual,4,Other,68383921.51,2680414.301,0.039196557
1991,AB,Annual,1,Urea,106775325.8,6424566.641,0.060169019
1991,AB,Annual,2,Urea ammonium nitrate,10831951.68,493764.1595,0.045584044
1991,AB,Annual,3,Anhydrous ammonia,124484365.7,6243646.595,0.05015607
1991,AB,Annual,4,Other,63143626.87,2400185.908,0.038011531
1991,BC,Annual,1,Urea,4419829.827,256535.0239,0.058041833
1991,BC,Annual,2,Urea ammonium nitrate,0,0,
1991,BC,Annual,3,Anhydrous ammonia,1409602.39,68501.90996,0.048596619
1991,BC,Annual,4,Other,6320204.357,232948.4379,0.036857738
1991,MB,Annual,1,Urea,70522537.76,5040050.267,0.071467228
1991,MB,Annual,2,Urea ammonium nitrate,12754803.71,695753.7951,0.054548373
1991,MB,Annual,3,Anhydrous ammonia,118746805.5,7127125.284,0.060019512
1991,MB,Annual,4,Other,47645528.14,2165774.582,0.045455989
1991,NB,Annual,1,Urea,206892.1063,18337.87636,0.088634973
1991,NB,Annual,2,Urea ammonium nitrate,0,0,
1991,NB,Annual,3,Anhydrous ammonia,0,0,
1991,NB,Annual,4,Other,4555067.936,146854.5705,0.03223982
1991,NL,Annual,1,Urea,0,0,
1991,NL,Annual,2,Urea ammonium nitrate,0,0,
1991,NL,Annual,3,Anhydrous ammonia,0,0,
1991,NL,Annual,4,Other,8854.246055,282.9955865,0.031961568
1991,NS,Annual,1,Urea,0,0,
1991,NS,Annual,2,Urea ammonium nitrate,0,0,
1991,NS,Annual,3,Anhydrous ammonia,0,0,
1991,NS,Annual,4,Other,523986.1777,16747.4198,0.031961568
1991,ON,Annual,1,Urea,52666376.24,5312094.797,0.100863116
1991,ON,Annual,2,Urea ammonium nitrate,29932846.16,1856825.104,0.062033029
1991,ON,Annual,3,Anhydrous ammonia,31052221.09,1695798.645,0.054611187
1991,ON,Annual,4,Other,38230951.24,1403505.945,0.036711248
1991,PE,Annual,1,Urea,234766.8922,20553.63137,0.087549105
1991,PE,Annual,2,Urea ammonium nitrate,0,0,
1991,PE,Annual,3,Anhydrous ammonia,0,0,
1991,PE,Annual,4,Other,8974870.41,286850.93,0.031961568
1991,QC,Annual,1,Urea,20471220.37,1838486.825,0.089808365
1991,QC,Annual,2,Urea ammonium nitrate,4046906.167,222490.6627,0.054977964
1991,QC,Annual,3,Anhydrous ammonia,2060055.236,99707.1146,0.048400214
1991,QC,Annual,4,Other,26296598.33,856787.3501,0.03258168
1991,SK,Annual,1,Urea,102410528.5,6311477.136,0.061629182
1991,SK,Annual,2,Urea ammonium nitrate,2945280.049,138538.1107,0.04703733
1991,SK,Annual,3,Anhydrous ammonia,73004498.2,3778356.553,0.05175512
1991,SK,Annual,4,Other,63800124.53,2500298.712,0.039189558
1992,AB,Annual,1,Urea,114228331.8,6873662.618,0.060174761
1992,AB,Annual,2,Urea ammonium nitrate,8954037.179,408241.1336,0.045592968
1992,AB,Annual,3,Anhydrous ammonia,134286392.7,6736596.402,0.05016589
1992,AB,Annual,4,Other,65787762.55,2500935.554,0.038015209
1992,BC,Annual,1,Urea,4797282.575,278476.0569,0.058048708
1992,BC,Annual,2,Urea ammonium nitrate,526593.8069,23253.96867,0.044159214
1992,BC,Annual,3,Anhydrous ammonia,3610928.962,175449.0147,0.048588332
1992,BC,Annual,4,Other,8033442.833,296201.0356,0.036870996
1992,MB,Annual,1,Urea,73001457.61,5211622.434,0.071390663
1992,MB,Annual,2,Urea ammonium nitrate,11709285.24,638401.7311,0.054520982
1992,MB,Annual,3,Anhydrous ammonia,119190745.9,7150178.123,0.059989373
1992,MB,Annual,4,Other,49026362.26,2227388.986,0.045432475
1992,NB,Annual,1,Urea,180846.5362,16029.0797,0.088633601
1992,NB,Annual,2,Urea ammonium nitrate,0,0,
1992,NB,Annual,3,Anhydrous ammonia,0,0,
1992,NB,Annual,4,Other,4730157.503,152510.0143,0.032242058
1992,NL,Annual,1,Urea,0,0,
1992,NL,Annual,2,Urea ammonium nitrate,0,0,
1992,NL,Annual,3,Anhydrous ammonia,0,0,
1992,NL,Annual,4,Other,7656.103082,246.1579886,0.032151864
1992,NS,Annual,1,Urea,0,0,
1992,NS,Annual,2,Urea ammonium nitrate,0,0,
1992,NS,Annual,3,Anhydrous ammonia,0,0,
1992,NS,Annual,4,Other,501329.1007,16023.26409,0.031961568
1992,ON,Annual,1,Urea,53732636.49,5407360.483,0.100634565
1992,ON,Annual,2,Urea ammonium nitrate,31326735.8,1940050.192,0.061929535
1992,ON,Annual,3,Anhydrous ammonia,27626507.74,1506199.294,0.054520076
1992,ON,Annual,4,Other,39230648.64,1434307.951,0.036560903
1992,PE,Annual,1,Urea,210964.1938,18469.72642,0.087549105
1992,PE,Annual,2,Urea ammonium nitrate,0,0,
1992,PE,Annual,3,Anhydrous ammonia,0,0,
1992,PE,Annual,4,Other,9422588.229,301160.6935,0.031961568
1992,QC,Annual,1,Urea,18521369.38,1663809.262,0.089831871
1992,QC,Annual,2,Urea ammonium nitrate,3692164.894,202985.2925,0.05497731
1992,QC,Annual,3,Anhydrous ammonia,2495917.258,120801.4914,0.048399638
1992,QC,Annual,4,Other,29636801.44,965921.4761,0.032591961
1992,SK,Annual,1,Urea,132989137.2,8195842.724,0.061627911
1992,SK,Annual,2,Urea ammonium nitrate,2860533.417,134556.3308,0.047038895
1992,SK,Annual,3,Anhydrous ammonia,95507541.55,4943168.667,0.051756841
1992,SK,Annual,4,Other,71830176.12,2815086.518,0.039190862
1993,AB,Annual,1,Urea,121910341.3,7336562.673,0.060179986
1993,AB,Annual,2,Urea ammonium nitrate,8698880.309,396704.7624,0.045604118
1993,AB,Annual,3,Anhydrous ammonia,134920818.6,6770078.112,0.050178158
1993,AB,Annual,4,Other,73526321.92,2795379.614,0.03801876
1993,BC,Annual,1,Urea,5295044.129,307373.5438,0.058049288
1993,BC,Annual,2,Urea ammonium nitrate,525755.894,23208.89536,0.044143861
1993,BC,Annual,3,Anhydrous ammonia,1923300.898,93417.49295,0.048571439
1993,BC,Annual,4,Other,9234873.692,340155.7556,0.036833829
1993,MB,Annual,1,Urea,68020645.69,4854674.725,0.071370606
1993,MB,Annual,2,Urea ammonium nitrate,11257484.97,613730.8204,0.054517579
1993,MB,Annual,3,Anhydrous ammonia,145701383.3,8739988.996,0.059985628
1993,MB,Annual,4,Other,49780109.57,2261840.392,0.045436629
1993,NB,Annual,1,Urea,160497.6794,14224.86512,0.088629725
1993,NB,Annual,2,Urea ammonium nitrate,0,0,
1993,NB,Annual,3,Anhydrous ammonia,0,0,
1993,NB,Annual,4,Other,4550072.599,146710.6272,0.032243579
1993,NL,Annual,1,Urea,0,0,
1993,NL,Annual,2,Urea ammonium nitrate,0,0,
1993,NL,Annual,3,Anhydrous ammonia,0,0,
1993,NL,Annual,4,Other,5492.547739,177.1953948,0.032261057
1993,NS,Annual,1,Urea,0,0,
1993,NS,Annual,2,Urea ammonium nitrate,0,0,
1993,NS,Annual,3,Anhydrous ammonia,0,0,
1993,NS,Annual,4,Other,491632.6801,15713.35129,0.031961568
1993,ON,Annual,1,Urea,55620615.07,5591489.271,0.10052908
1993,ON,Annual,2,Urea ammonium nitrate,29594159.64,1832281.319,0.061913612
1993,ON,Annual,3,Anhydrous ammonia,27762716.66,1513236.231,0.054506058
1993,ON,Annual,4,Other,35649111.25,1302570.069,0.036538641
1993,PE,Annual,1,Urea,193240.0928,16917.99723,0.087549105
1993,PE,Annual,2,Urea ammonium nitrate,0,0,
1993,PE,Annual,3,Anhydrous ammonia,0,0,
1993,PE,Annual,4,Other,9239807.913,295318.748,0.031961568
1993,QC,Annual,1,Urea,18008864.66,1617677.357,0.089826726
1993,QC,Annual,2,Urea ammonium nitrate,4232423.975,232683.5034,0.054976417
1993,QC,Annual,3,Anhydrous ammonia,2869598.787,138885.2859,0.048398852
1993,QC,Annual,4,Other,28469954.78,927913.3867,0.032592724
1993,SK,Annual,1,Urea,135573932.2,8354768.066,0.061625181
1993,SK,Annual,2,Urea ammonium nitrate,3810888.373,179251.5147,0.047036674
1993,SK,Annual,3,Anhydrous ammonia,103378319.7,5350282.683,0.051754398
1993,SK,Annual,4,Other,79683842.19,3122731.029,0.039189012
1994,AB,Annual,1,Urea,128239716.7,7718992.195,0.0601919
1994,AB,Annual,2,Urea ammonium nitrate,18286195.6,834091.7049,0.045613189
1994,AB,Annual,3,Anhydrous ammonia,135189565.9,6784912.758,0.050188139
1994,AB,Annual,4,Other,77564524.33,2949245.129,0.038023119
1994,BC,Annual,1,Urea,4630551.553,268799.9005,0.058049219
1994,BC,Annual,2,Urea ammonium nitrate,1212486.162,53501.81412,0.044125711
1994,BC,Annual,3,Anhydrous ammonia,3157627.324,153307.4438,0.048551469
1994,BC,Annual,4,Other,7372355.904,271503.2172,0.036827199
1994,MB,Annual,1,Urea,78161288.62,5577263.34,0.071355826
1994,MB,Annual,2,Urea ammonium nitrate,12042009.37,656400.0892,0.054509183
1994,MB,Annual,3,Anhydrous ammonia,141261285.2,8472341.974,0.05997639
1994,MB,Annual,4,Other,58335769.75,2650023.677,0.04542708
1994,NB,Annual,1,Urea,191348.5407,16958.75194,0.088627548
1994,NB,Annual,2,Urea ammonium nitrate,0,0,
1994,NB,Annual,3,Anhydrous ammonia,0,0,
1994,NB,Annual,4,Other,4624045.108,149092.1196,0.032242791
1994,NL,Annual,1,Urea,0,0,
1994,NL,Annual,2,Urea ammonium nitrate,0,0,
1994,NL,Annual,3,Anhydrous ammonia,0,0,
1994,NL,Annual,4,Other,2808.43663,90.72372603,0.032303996
1994,NS,Annual,1,Urea,0,0,
1994,NS,Annual,2,Urea ammonium nitrate,0,0,
1994,NS,Annual,3,Anhydrous ammonia,0,0,
1994,NS,Annual,4,Other,499722.3775,15971.9107,0.031961568
1994,ON,Annual,1,Urea,60015558.26,6026358.141,0.100413265
1994,ON,Annual,2,Urea ammonium nitrate,29152136.45,1804521.55,0.061900148
1994,ON,Annual,3,Anhydrous ammonia,25584449.77,1394204.226,0.054494204
1994,ON,Annual,4,Other,33139839.82,1210422.62,0.036524697
1994,PE,Annual,1,Urea,228550.4036,20009.38335,0.087549105
1994,PE,Annual,2,Urea ammonium nitrate,0,0,
1994,PE,Annual,3,Anhydrous ammonia,0,0,
1994,PE,Annual,4,Other,9497875.348,303566.9879,0.031961568
1994,QC,Annual,1,Urea,16983366.1,1525584.873,0.08982818
1994,QC,Annual,2,Urea ammonium nitrate,4550634.586,250199.8321,0.054981306
1994,QC,Annual,3,Anhydrous ammonia,2036549.429,98575.41965,0.048403156
1994,QC,Annual,4,Other,25982580.35,846910.2065,0.032595308
1994,SK,Annual,1,Urea,173653085.7,10700704.95,0.061621162
1994,SK,Annual,2,Urea ammonium nitrate,1673769.951,78727.77135,0.047036196
1994,SK,Annual,3,Anhydrous ammonia,123113306.4,6371590.249,0.051753872
1994,SK,Annual,4,Other,94628313.77,3708352.396,0.039188613
1995,AB,Annual,1,Urea,137342990.1,8263048.2,0.060163596
1995,AB,Annual,2,Urea ammonium nitrate,6097181.746,278167.3937,0.04562229
1995,AB,Annual,3,Anhydrous ammonia,134953503.5,6774416.552,0.050198153
1995,AB,Annual,4,Other,71923522.29,2734712.058,0.038022499
1995,BC,Annual,1,Urea,3212295.223,186549.9311,0.058073719
1995,BC,Annual,2,Urea ammonium nitrate,52567.40453,2318.898949,0.044112867
1995,BC,Annual,3,Anhydrous ammonia,4397842.522,213459.5632,0.048537337
1995,BC,Annual,4,Other,6201309.438,228349.8685,0.036822847
1995,MB,Annual,1,Urea,99102652.26,7069940.545,0.071339569
1995,MB,Annual,2,Urea ammonium nitrate,15417288.27,840213.0047,0.054498106
1995,MB,Annual,3,Anhydrous ammonia,121545146.2,7288357.716,0.059964202
1995,MB,Annual,4,Other,56236900.81,2553819.068,0.045411803
1995,NB,Annual,1,Urea,311700.702,27608.64564,0.088574217
1995,NB,Annual,2,Urea ammonium nitrate,0,0,
1995,NB,Annual,3,Anhydrous ammonia,0,0,
1995,NB,Annual,4,Other,4866076.502,156895.1261,0.032242635
1995,NL,Annual,1,Urea,0,0,
1995,NL,Annual,2,Urea ammonium nitrate,0,0,
1995,NL,Annual,3,Anhydrous ammonia,0,0,
1995,NL,Annual,4,Other,1532.85836,49.75624836,0.032459782
1995,NS,Annual,1,Urea,0,0,
1995,NS,Annual,2,Urea ammonium nitrate,0,0,
1995,NS,Annual,3,Anhydrous ammonia,0,0,
1995,NS,Annual,4,Other,529009.2329,16907.96452,0.031961568
1995,ON,Annual,1,Urea,66017191.93,6622335.522,0.100312287
1995,ON,Annual,2,Urea ammonium nitrate,31245767.52,1933682.923,0.061886235
1995,ON,Annual,3,Anhydrous ammonia,23952054.8,1304954.803,0.054481956
1995,ON,Annual,4,Other,32816902.7,1198094.445,0.036508456
1995,PE,Annual,1,Urea,467329.3496,40914.26644,0.087549105
1995,PE,Annual,2,Urea ammonium nitrate,0,0,
1995,PE,Annual,3,Anhydrous ammonia,0,0,
1995,PE,Annual,4,Other,10120131.22,323455.2611,0.031961568
1995,QC,Annual,1,Urea,17280350.51,1552718.913,0.089854596
1995,QC,Annual,2,Urea ammonium nitrate,5691135.278,312965.0154,0.054991667
1995,QC,Annual,3,Anhydrous ammonia,2910008.384,140880.133,0.048412277
1995,QC,Annual,4,Other,24811783.42,809132.7198,0.032610825
1995,SK,Annual,1,Urea,194059010.7,11958511.58,0.061623068
1995,SK,Annual,2,Urea ammonium nitrate,3199447.144,150497.6609,0.047038646
1995,SK,Annual,3,Anhydrous ammonia,138193576.9,7152425.144,0.051756567
1995,SK,Annual,4,Other,101768948.3,3988391.683,0.039190654
1996,AB,Annual,1,Urea,146897778.4,8842017.962,0.060191638
1996,AB,Annual,2,Urea ammonium nitrate,10267302.37,468520.3246,0.045632271
1996,AB,Annual,3,Anhydrous ammonia,165475773.8,8308395.413,0.050209135
1996,AB,Annual,4,Other,68722815.34,2613697.235,0.038032453
1996,BC,Annual,1,Urea,3731614.863,216750.8376,0.058084997
1996,BC,Annual,2,Urea ammonium nitrate,130440.2597,5755.014494,0.044119925
1996,BC,Annual,3,Anhydrous ammonia,3978427.921,193133.1902,0.048545102
1996,BC,Annual,4,Other,6048321.918,222679.307,0.036816709
1996,MB,Annual,1,Urea,80157869.05,5716074.767,0.071310214
1996,MB,Annual,2,Urea ammonium nitrate,13206869.16,719681.4964,0.054492968
1996,MB,Annual,3,Anhydrous ammonia,148331237.2,8893725.761,0.059958549
1996,MB,Annual,4,Other,57710746.55,2621025.947,0.045416601
1996,NB,Annual,1,Urea,179237.2045,15884.1195,0.088620661
1996,NB,Annual,2,Urea ammonium nitrate,0,0,
1996,NB,Annual,3,Anhydrous ammonia,0,0,
1996,NB,Annual,4,Other,5079134.655,163781.3802,0.032245922
1996,NL,Annual,1,Urea,0,0,
1996,NL,Annual,2,Urea ammonium nitrate,0,0,
1996,NL,Annual,3,Anhydrous ammonia,0,0,
1996,NL,Annual,4,Other,847.8255955,27.24089053,0.0321303
1996,NS,Annual,1,Urea,0,0,
1996,NS,Annual,2,Urea ammonium nitrate,0,0,
1996,NS,Annual,3,Anhydrous ammonia,0,0,
1996,NS,Annual,4,Other,689644.0954,22042.10658,0.031961568
1996,ON,Annual,1,Urea,70364896.11,7050562.91,0.100200005
1996,ON,Annual,2,Urea ammonium nitrate,30869928.33,1909651.924,0.061861236
1996,ON,Annual,3,Anhydrous ammonia,21951618.76,1195484.016,0.054459948
1996,ON,Annual,4,Other,30655486.45,1118576.246,0.036488615
1996,PE,Annual,1,Urea,228073.5589,19967.63602,0.087549105
1996,PE,Annual,2,Urea ammonium nitrate,0,0,
1996,PE,Annual,3,Anhydrous ammonia,0,0,
1996,PE,Annual,4,Other,10791647.24,344917.9662,0.031961568
1996,QC,Annual,1,Urea,20261979.15,1820756.599,0.089860748
1996,QC,Annual,2,Urea ammonium nitrate,5725952.438,315041.8461,0.05501999
1996,QC,Annual,3,Anhydrous ammonia,2545057.666,123275.4973,0.048437212
1996,QC,Annual,4,Other,26019356.43,848566.4532,0.032612892
1996,SK,Annual,1,Urea,220384349.3,13580178.7,0.061620431
1996,SK,Annual,2,Urea ammonium nitrate,4441333.051,208907.4258,0.0470371
1996,SK,Annual,3,Anhydrous ammonia,166740075.7,8629610.286,0.051754866
1996,SK,Annual,4,Other,115421774.4,4523306.202,0.039189366
1997,AB,Annual,1,Urea,161355433.5,9710141.115,0.060178582
1997,AB,Annual,2,Urea ammonium nitrate,10165637.44,463819.6353,0.045626222
1997,AB,Annual,3,Anhydrous ammonia,152710296.8,7666435.531,0.050202479
1997,AB,Annual,4,Other,71158341.5,2705732.015,0.038024102
1997,BC,Annual,1,Urea,2577577.699,149824.7749,0.058126191
1997,BC,Annual,2,Urea ammonium nitrate,0,0,
1997,BC,Annual,3,Anhydrous ammonia,7352100.434,356879.4022,0.048541149
1997,BC,Annual,4,Other,7088833.556,261270.8227,0.036856673
1997,MB,Annual,1,Urea,80636756.69,5746819.29,0.071267987
1997,MB,Annual,2,Urea ammonium nitrate,17208146.11,937530.399,0.054481778
1997,MB,Annual,3,Anhydrous ammonia,149018841.5,8933118.798,0.059946237
1997,MB,Annual,4,Other,64469821.16,2927349.736,0.045406512
1997,NB,Annual,1,Urea,194159.5427,17206.45654,0.088620195
1997,NB,Annual,2,Urea ammonium nitrate,0,0,
1997,NB,Annual,3,Anhydrous ammonia,0,0,
1997,NB,Annual,4,Other,5142053.177,165818.955,0.032247616
1997,NL,Annual,1,Urea,0,0,
1997,NL,Annual,2,Urea ammonium nitrate,0,0,
1997,NL,Annual,3,Anhydrous ammonia,0,0,
1997,NL,Annual,4,Other,1114.947284,36.0190901,0.032305644
1997,NS,Annual,1,Urea,0,0,
1997,NS,Annual,2,Urea ammonium nitrate,0,0,
1997,NS,Annual,3,Anhydrous ammonia,0,0,
1997,NS,Annual,4,Other,523184.0116,16721.78131,0.031961568
1997,ON,Annual,1,Urea,58083002.87,5818644.317,0.10017809
1997,ON,Annual,2,Urea ammonium nitrate,31167114.76,1927070.865,0.061830262
1997,ON,Annual,3,Anhydrous ammonia,19950891.54,1085980.487,0.05443268
1997,ON,Annual,4,Other,28863035.96,1052481.132,0.036464672
1997,PE,Annual,1,Urea,235844.7284,20647.99497,0.087549105
1997,PE,Annual,2,Urea ammonium nitrate,0,0,
1997,PE,Annual,3,Anhydrous ammonia,0,0,
1997,PE,Annual,4,Other,10842062.75,346529.3248,0.031961568
1997,QC,Annual,1,Urea,19891207.49,1787113.848,0.089844412
1997,QC,Annual,2,Urea ammonium nitrate,6774547.668,372721.7199,0.055017949
1997,QC,Annual,3,Anhydrous ammonia,2581107.824,125017.0292,0.048435415
1997,QC,Annual,4,Other,27932336.38,910862.0098,0.032609589
1997,SK,Annual,1,Urea,243489034.1,15011786.69,0.061652825
1997,SK,Annual,2,Urea ammonium nitrate,8309322.268,391023.4136,0.0470584
1997,SK,Annual,3,Anhydrous ammonia,203869346.6,10556008.81,0.051778303
1997,SK,Annual,4,Other,131315239.1,5148491.429,0.039207113
1998,AB,Annual,1,Urea,148768540.1,8963092.024,0.060248571
1998,AB,Annual,2,Urea ammonium nitrate,15235287.63,695000.1884,0.045617792
1998,AB,Annual,3,Anhydrous ammonia,155740777.2,7817128.578,0.050193204
1998,AB,Annual,4,Other,91319046.06,3472163.506,0.038022337
1998,BC,Annual,1,Urea,2578490.752,149755.2529,0.058078646
1998,BC,Annual,2,Urea ammonium nitrate,127416.0991,5621.035789,0.044115585
1998,BC,Annual,3,Anhydrous ammonia,4104618.622,199239.5306,0.048540327
1998,BC,Annual,4,Other,3896857.914,143527.8718,0.036831692
1998,MB,Annual,1,Urea,96511258,6876936.534,0.071255278
1998,MB,Annual,2,Urea ammonium nitrate,21252350.08,1157732.967,0.054475527
1998,MB,Annual,3,Anhydrous ammonia,132161880.7,7921698.381,0.059939359
1998,MB,Annual,4,Other,69434346.76,3151959.252,0.045394814
1998,NB,Annual,1,Urea,195640.5044,17337.41927,0.088618762
1998,NB,Annual,2,Urea ammonium nitrate,0,0,
1998,NB,Annual,3,Anhydrous ammonia,0,0,
1998,NB,Annual,4,Other,5723264.978,184573.817,0.032249742
1998,NL,Annual,1,Urea,0,0,
1998,NL,Annual,2,Urea ammonium nitrate,0,0,
1998,NL,Annual,3,Anhydrous ammonia,0,0,
1998,NL,Annual,4,Other,4734.820218,151.8960561,0.032080639
1998,NS,Annual,1,Urea,0,0,
1998,NS,Annual,2,Urea ammonium nitrate,0,0,
1998,NS,Annual,3,Anhydrous ammonia,0,0,
1998,NS,Annual,4,Other,577370.4473,18453.66476,0.031961568
1998,ON,Annual,1,Urea,58254212.73,5834738.037,0.100159933
1998,ON,Annual,2,Urea ammonium nitrate,0,0,
1998,ON,Annual,3,Anhydrous ammonia,35110440.25,1910175.081,0.05440476
1998,ON,Annual,4,Other,60772060.65,2218258.269,0.036501284
1998,PE,Annual,1,Urea,226594.698,19838.16308,0.087549105
1998,PE,Annual,2,Urea ammonium nitrate,0,0,
1998,PE,Annual,3,Anhydrous ammonia,0,0,
1998,PE,Annual,4,Other,11843557.67,378538.6728,0.031961568
1998,QC,Annual,1,Urea,19762908.16,1775316.841,0.089830749
1998,QC,Annual,2,Urea ammonium nitrate,0,0,
1998,QC,Annual,3,Anhydrous ammonia,3452661.72,167165.9605,0.048416548
1998,QC,Annual,4,Other,39064600.19,1273256.766,0.032593621
1998,SK,Annual,1,Urea,244277247.7,15067185.72,0.061680676
1998,SK,Annual,2,Urea ammonium nitrate,18510899.59,871511.5476,0.047080994
1998,SK,Annual,3,Anhydrous ammonia,157468571,8157369.983,0.051803163
1998,SK,Annual,4,Other,103698815,4067683.184,0.039225937
1999,AB,Annual,1,Urea,150866544.5,9092515.639,0.060268601
1999,AB,Annual,2,Urea ammonium nitrate,14086184.65,642484.1834,0.045610944
1999,AB,Annual,3,Anhydrous ammonia,166627332.8,8362304.146,0.050185669
1999,AB,Annual,4,Other,83615121.65,3179027.944,0.038019773
1999,BC,Annual,1,Urea,3292820.924,191114.1858,0.058039654
1999,BC,Annual,2,Urea ammonium nitrate,189397.5999,8355.922338,0.044118417
1999,BC,Annual,3,Anhydrous ammonia,3882650.798,188477.2381,0.048543443
1999,BC,Annual,4,Other,4209290.99,155000.6533,0.036823459
1999,MB,Annual,1,Urea,79840526.45,5685270.399,0.071207827
1999,MB,Annual,2,Urea ammonium nitrate,21724795.94,1183217.817,0.054463932
1999,MB,Annual,3,Anhydrous ammonia,140818058.3,8438747.637,0.059926601
1999,MB,Annual,4,Other,66045091.73,2997346.083,0.045383328
1999,NB,Annual,1,Urea,117047.4312,10371.61695,0.088610377
1999,NB,Annual,2,Urea ammonium nitrate,0,0,
1999,NB,Annual,3,Anhydrous ammonia,0,0,
1999,NB,Annual,4,Other,5844213.971,188489.4165,0.032252313
1999,NL,Annual,1,Urea,0,0,
1999,NL,Annual,2,Urea ammonium nitrate,0,0,
1999,NL,Annual,3,Anhydrous ammonia,0,0,
1999,NL,Annual,4,Other,5094.624162,163.3351673,0.032060298
1999,NS,Annual,1,Urea,0,0,
1999,NS,Annual,2,Urea ammonium nitrate,0,0,
1999,NS,Annual,3,Anhydrous ammonia,0,0,
1999,NS,Annual,4,Other,535492.2137,17115.17075,0.031961568
1999,ON,Annual,1,Urea,58971684.63,5903165.596,0.100101695
1999,ON,Annual,2,Urea ammonium nitrate,0,0,
1999,ON,Annual,3,Anhydrous ammonia,40791002.42,2218034.661,0.054375586
1999,ON,Annual,4,Other,57097570.84,2083218.363,0.036485236
1999,PE,Annual,1,Urea,138979.3176,12167.51491,0.087549105
1999,PE,Annual,2,Urea ammonium nitrate,0,0,
1999,PE,Annual,3,Anhydrous ammonia,0,0,
1999,PE,Annual,4,Other,11833241.88,378208.9639,0.031961568
1999,QC,Annual,1,Urea,20039005.99,1799682.256,0.089808958
1999,QC,Annual,2,Urea ammonium nitrate,0,0,
1999,QC,Annual,3,Anhydrous ammonia,7377188.006,357179.8603,0.048416803
1999,QC,Annual,4,Other,35608696.04,1160538.829,0.032591444
1999,SK,Annual,1,Urea,208301573.9,12855677.07,0.061716658
1999,SK,Annual,2,Urea ammonium nitrate,20046412.49,944256.6351,0.047103522
1999,SK,Annual,3,Anhydrous ammonia,162065363,8399515.62,0.051827951
1999,SK,Annual,4,Other,98356492.68,3859971.711,0.039244707
2000,AB,Annual,1,Urea,156378726.9,9429535.171,0.060299347
2000,AB,Annual,2,Urea ammonium nitrate,15978408.59,728665.3035,0.045603121
2000,AB,Annual,3,Anhydrous ammonia,176776996.6,8870150.168,0.050177061
2000,AB,Annual,4,Other,90157377.41,3427443.935,0.038016234
2000,BC,Annual,1,Urea,2790291.562,162081.0077,0.058087481
2000,BC,Annual,2,Urea ammonium nitrate,303975.5384,13409.92566,0.044115147
2000,BC,Annual,3,Anhydrous ammonia,4896177.423,237659.6943,0.048539845
2000,BC,Annual,4,Other,3073739.075,113274.797,0.036852444
2000,MB,Annual,1,Urea,77402286.78,5508845.616,0.071171613
2000,MB,Annual,2,Urea ammonium nitrate,23118559.75,1258835.809,0.054451308
2000,MB,Annual,3,Anhydrous ammonia,148304774.5,8885341,0.05991271
2000,MB,Annual,4,Other,61100716.33,2771789.641,0.045364274
2000,NB,Annual,1,Urea,0,0,
2000,NB,Annual,2,Urea ammonium nitrate,0,0,
2000,NB,Annual,3,Anhydrous ammonia,0,0,
2000,NB,Annual,4,Other,6184618.869,199487.2321,0.03225538
2000,NL,Annual,1,Urea,0,0,
2000,NL,Annual,2,Urea ammonium nitrate,0,0,
2000,NL,Annual,3,Anhydrous ammonia,0,0,
2000,NL,Annual,4,Other,6397.060335,204.8846392,0.032027936
2000,NS,Annual,1,Urea,0,0,
2000,NS,Annual,2,Urea ammonium nitrate,0,0,
2000,NS,Annual,3,Anhydrous ammonia,0,0,
2000,NS,Annual,4,Other,596738.8777,19072.71016,0.031961568
2000,ON,Annual,1,Urea,68432572,6844702.436,0.100021119
2000,ON,Annual,2,Urea ammonium nitrate,0,0,
2000,ON,Annual,3,Anhydrous ammonia,32324788.5,1756757.958,0.054347083
2000,ON,Annual,4,Other,44076488.42,1607983.009,0.03648165
2000,PE,Annual,1,Urea,20283.44897,1775.79781,0.087549105
2000,PE,Annual,2,Urea ammonium nitrate,0,0,
2000,PE,Annual,3,Anhydrous ammonia,0,0,
2000,PE,Annual,4,Other,12250638.08,391549.6008,0.031961568
2000,QC,Annual,1,Urea,25606374.07,2296976.985,0.089703329
2000,QC,Annual,2,Urea ammonium nitrate,0,0,
2000,QC,Annual,3,Anhydrous ammonia,6194981.456,299926.0283,0.048414354
2000,QC,Annual,4,Other,32819960.89,1069079.894,0.032574076
2000,SK,Annual,1,Urea,213921899.5,13210281.7,0.061752825
2000,SK,Annual,2,Urea ammonium nitrate,29764274.13,1402696.603,0.047126854
2000,SK,Annual,3,Anhydrous ammonia,181522620.3,9412605.449,0.051853623
2000,SK,Annual,4,Other,103846193.6,4077432.094,0.039264146
2001,AB,Annual,1,Urea,149041834.7,8983300.887,0.060273687
2001,AB,Annual,2,Urea ammonium nitrate,6749819.819,307776.3748,0.045597717
2001,AB,Annual,3,Anhydrous ammonia,140949653.6,7071601.288,0.050171115
2001,AB,Annual,4,Other,82756811.54,3145250.693,0.038005943
2001,BC,Annual,1,Urea,2201271.984,128115.7815,0.058200796
2001,BC,Annual,2,Urea ammonium nitrate,0,0,
2001,BC,Annual,3,Anhydrous ammonia,6425972.045,311980.8974,0.048549993
2001,BC,Annual,4,Other,5097558.417,187999.7975,0.036880362
2001,MB,Annual,1,Urea,72245916.57,5139155.431,0.071134199
2001,MB,Annual,2,Urea ammonium nitrate,20019307.11,1089801.067,0.054437502
2001,MB,Annual,3,Anhydrous ammonia,129302784.9,7744916.126,0.05989752
2001,MB,Annual,4,Other,63929043.53,2898783.669,0.045343767
2001,NB,Annual,1,Urea,0,0,
2001,NB,Annual,2,Urea ammonium nitrate,0,0,
2001,NB,Annual,3,Anhydrous ammonia,427098.639,20461.6303,0.047908442
2001,NB,Annual,4,Other,5487728.837,177034.1562,0.032260004
2001,NL,Annual,1,Urea,0,0,
2001,NL,Annual,2,Urea ammonium nitrate,0,0,
2001,NL,Annual,3,Anhydrous ammonia,1310.576161,62.38112182,0.047598242
2001,NL,Annual,4,Other,7147.232231,228.5499733,0.03197741
2001,NS,Annual,1,Urea,0,0,
2001,NS,Annual,2,Urea ammonium nitrate,0,0,
2001,NS,Annual,3,Anhydrous ammonia,122517.1928,5823.842128,0.047534897
2001,NS,Annual,4,Other,478864.5942,15305.26324,0.031961568
2001,ON,Annual,1,Urea,53193587.99,5319678.294,0.100006006
2001,ON,Annual,2,Urea ammonium nitrate,0,0,
2001,ON,Annual,3,Anhydrous ammonia,42557981.12,2311724.249,0.054319406
2001,ON,Annual,4,Other,56237182.09,2050345.821,0.0364589
2001,PE,Annual,1,Urea,13380.81847,1171.478686,0.087549105
2001,PE,Annual,2,Urea ammonium nitrate,0,0,
2001,PE,Annual,3,Anhydrous ammonia,670236.7203,31859.6334,0.047534897
2001,PE,Annual,4,Other,10826073.42,346018.2809,0.031961568
2001,QC,Annual,1,Urea,26309970.89,2359780.737,0.089691499
2001,QC,Annual,2,Urea ammonium nitrate,0,0,
2001,QC,Annual,3,Anhydrous ammonia,10501821.92,508460.6597,0.048416424
2001,QC,Annual,4,Other,31746087.39,1034199.544,0.032577229
2001,SK,Annual,1,Urea,218581850.1,13505377.04,0.061786361
2001,SK,Annual,2,Urea ammonium nitrate,20663094.95,974297.5092,0.047151577
2001,SK,Annual,3,Anhydrous ammonia,165753957.3,8599452.064,0.051880825
2001,SK,Annual,4,Other,110637397.5,4346361.828,0.039284744
2002,AB,Annual,1,Urea,134736173.7,8127631.454,0.060322564
2002,AB,Annual,2,Urea ammonium nitrate,7305134.167,333116.0724,0.045600268
2002,AB,Annual,3,Anhydrous ammonia,156601204.7,7857296.515,0.050173921
2002,AB,Annual,4,Other,95266244,3621209.587,0.038011466
2002,BC,Annual,1,Urea,2470203.728,143744.4346,0.058191328
2002,BC,Annual,2,Urea ammonium nitrate,0,0,
2002,BC,Annual,3,Anhydrous ammonia,2843269.276,138042.1917,0.048550516
2002,BC,Annual,4,Other,5203482.322,191586.5486,0.03681891
2002,MB,Annual,1,Urea,92287011.14,6565978.444,0.071147373
2002,MB,Annual,2,Urea ammonium nitrate,13362407.9,727505.9015,0.054444222
2002,MB,Annual,3,Anhydrous ammonia,119844095.9,7179250.255,0.059904914
2002,MB,Annual,4,Other,66907750.35,3035345.782,0.045366131
2002,NB,Annual,1,Urea,0,0,
2002,NB,Annual,2,Urea ammonium nitrate,0,0,
2002,NB,Annual,3,Anhydrous ammonia,281109.7603,13466.84356,0.047905998
2002,NB,Annual,4,Other,6105033.906,196928.4144,0.032256727
2002,NL,Annual,1,Urea,0,0,
2002,NL,Annual,2,Urea ammonium nitrate,0,0,
2002,NL,Annual,3,Anhydrous ammonia,1129.855977,53.86369962,0.047673067
2002,NL,Annual,4,Other,10831.30734,346.5533213,0.031995521
2002,NS,Annual,1,Urea,0,0,
2002,NS,Annual,2,Urea ammonium nitrate,0,0,
2002,NS,Annual,3,Anhydrous ammonia,77515.5487,3684.693615,0.047534897
2002,NS,Annual,4,Other,546320.9766,17461.27499,0.031961568
2002,ON,Annual,1,Urea,71441679.88,7139900.433,0.099940265
2002,ON,Annual,2,Urea ammonium nitrate,0,0,
2002,ON,Annual,3,Anhydrous ammonia,38041299.53,2065755.371,0.054302965
2002,ON,Annual,4,Other,37721022.19,1374624.134,0.036441858
2002,PE,Annual,1,Urea,25407.14477,2224.372793,0.087549105
2002,PE,Annual,2,Urea ammonium nitrate,0,0,
2002,PE,Annual,3,Anhydrous ammonia,432929.2852,20579.24894,0.047534897
2002,PE,Annual,4,Other,11753611.58,375663.8546,0.031961568
2002,QC,Annual,1,Urea,25805240,2315342.595,0.089723738
2002,QC,Annual,2,Urea ammonium nitrate,0,0,
2002,QC,Annual,3,Anhydrous ammonia,10890710.87,527522.4222,0.048437832
2002,QC,Annual,4,Other,34690679.82,1130617.16,0.032591381
2002,SK,Annual,1,Urea,221494208.5,13687123.23,0.061794497
2002,SK,Annual,2,Urea ammonium nitrate,31371981.31,1479479.164,0.047159252
2002,SK,Annual,3,Anhydrous ammonia,131604856,6828879.873,0.05188927
2002,SK,Annual,4,Other,95004211.11,3732823.599,0.039291138
2003,AB,Annual,1,Urea,151127348.9,9099587.524,0.060211389
2003,AB,Annual,2,Urea ammonium nitrate,9314958.919,424843.9144,0.04560878
2003,AB,Annual,3,Anhydrous ammonia,117384612.2,5890745.775,0.050183288
2003,AB,Annual,4,Other,85663539.14,3255656.274,0.038005157
2003,BC,Annual,1,Urea,5513240.667,320242.7116,0.058086111
2003,BC,Annual,2,Urea ammonium nitrate,556407.4574,24556.33713,0.044133731
2003,BC,Annual,3,Anhydrous ammonia,1629478.982,79127.97678,0.048560293
2003,BC,Annual,4,Other,4338341.528,159593.1534,0.036786674
2003,MB,Annual,1,Urea,84392188.58,6004047.767,0.071144591
2003,MB,Annual,2,Urea ammonium nitrate,41897231.34,2281432.277,0.054453056
2003,MB,Annual,3,Anhydrous ammonia,139507121.6,8358518.115,0.059914634
2003,MB,Annual,4,Other,48826043.5,2214861.871,0.045362305
2003,NB,Annual,1,Urea,0,0,
2003,NB,Annual,2,Urea ammonium nitrate,0,0,
2003,NB,Annual,3,Anhydrous ammonia,0,0,
2003,NB,Annual,4,Other,7793215.424,251366.4152,0.032254519
2003,NL,Annual,1,Urea,0,0,
2003,NL,Annual,2,Urea ammonium nitrate,0,0,
2003,NL,Annual,3,Anhydrous ammonia,0,0,
2003,NL,Annual,4,Other,16887.95343,540.4435843,0.032001722
2003,NS,Annual,1,Urea,0,0,
2003,NS,Annual,2,Urea ammonium nitrate,0,0,
2003,NS,Annual,3,Anhydrous ammonia,0,0,
2003,NS,Annual,4,Other,391346.3929,12508.04431,0.031961568
2003,ON,Annual,1,Urea,73665054.51,7359858.097,0.099909762
2003,ON,Annual,2,Urea ammonium nitrate,32706988.21,2017039.248,0.061669978
2003,ON,Annual,3,Anhydrous ammonia,24366296.36,1322884.553,0.054291573
2003,ON,Annual,4,Other,23123853.05,841142.4013,0.03637553
2003,PE,Annual,1,Urea,19057.77079,1668.490782,0.087549105
2003,PE,Annual,2,Urea ammonium nitrate,0,0,
2003,PE,Annual,3,Anhydrous ammonia,0,0,
2003,PE,Annual,4,Other,14457948.76,462098.7111,0.031961568
2003,QC,Annual,1,Urea,16856663.47,1513950.344,0.089813168
2003,QC,Annual,2,Urea ammonium nitrate,13296926.33,731479.7547,0.055011191
2003,QC,Annual,3,Anhydrous ammonia,4056354.015,196447.0571,0.048429466
2003,QC,Annual,4,Other,32834739.91,1070666.228,0.032607727
2003,SK,Annual,1,Urea,253153410,15647988.96,0.061812278
2003,SK,Annual,2,Urea ammonium nitrate,63697019.06,3004659.823,0.047171121
2003,SK,Annual,3,Anhydrous ammonia,142206349.4,7380840.876,0.05190233
2003,SK,Annual,4,Other,86588772.86,3403027.759,0.039301028
2004,AB,Annual,1,Urea,160114068.2,9638682.163,0.060198846
2004,AB,Annual,2,Urea ammonium nitrate,7308999.366,333372.3328,0.045611214
2004,AB,Annual,3,Anhydrous ammonia,135015691.6,6775892.829,0.050185965
2004,AB,Annual,4,Other,90991079.83,3458237.103,0.038006331
2004,BC,Annual,1,Urea,5010910.63,291260.143,0.058125192
2004,BC,Annual,2,Urea ammonium nitrate,592743.9627,26158.69153,0.044131519
2004,BC,Annual,3,Anhydrous ammonia,2603839.55,126436.874,0.048557859
2004,BC,Annual,4,Other,4183593.63,153917.3088,0.036790693
2004,MB,Annual,1,Urea,70413210.62,5009659.196,0.071146581
2004,MB,Annual,2,Urea ammonium nitrate,43183192.93,2352023.482,0.054466178
2004,MB,Annual,3,Anhydrous ammonia,137352785.8,8231425.052,0.059929072
2004,MB,Annual,4,Other,45473257.62,2062696.77,0.045360655
2004,NB,Annual,1,Urea,0,0,
2004,NB,Annual,2,Urea ammonium nitrate,0,0,
2004,NB,Annual,3,Anhydrous ammonia,0,0,
2004,NB,Annual,4,Other,9327125.174,300831.0345,0.03225335
2004,NL,Annual,1,Urea,0,0,
2004,NL,Annual,2,Urea ammonium nitrate,0,0,
2004,NL,Annual,3,Anhydrous ammonia,0,0,
2004,NL,Annual,4,Other,24437.74691,782.1758887,0.032006874
2004,NS,Annual,1,Urea,0,0,
2004,NS,Annual,2,Urea ammonium nitrate,0,0,
2004,NS,Annual,3,Anhydrous ammonia,0,0,
2004,NS,Annual,4,Other,497991.6505,15916.59395,0.031961568
2004,ON,Annual,1,Urea,81694087.07,8159274.733,0.099875952
2004,ON,Annual,2,Urea ammonium nitrate,27664023.99,1705685.044,0.061657156
2004,ON,Annual,3,Anhydrous ammonia,18099334.84,982437.0499,0.054280285
2004,ON,Annual,4,Other,24803138.79,902515.3786,0.036387144
2004,PE,Annual,1,Urea,0,0,
2004,PE,Annual,2,Urea ammonium nitrate,0,0,
2004,PE,Annual,3,Anhydrous ammonia,0,0,
2004,PE,Annual,4,Other,16912167.15,540539.3788,0.031961568
2004,QC,Annual,1,Urea,15988076.42,1436372.847,0.089840254
2004,QC,Annual,2,Urea ammonium nitrate,13362152.71,735223.8444,0.055022859
2004,QC,Annual,3,Anhydrous ammonia,4791675.752,232107.5158,0.048439738
2004,QC,Annual,4,Other,34107858.81,1112606.917,0.032620251
2004,SK,Annual,1,Urea,230220737.7,14235282.15,0.061833188
2004,SK,Annual,2,Urea ammonium nitrate,63719072.83,3006347.756,0.047181285
2004,SK,Annual,3,Anhydrous ammonia,165685917.1,8601338.059,0.051913513
2004,SK,Annual,4,Other,79903962.25,3140984.467,0.039309496
2005,AB,Annual,1,Urea,167012894.9,10044293.51,0.060140826
2005,AB,Annual,2,Urea ammonium nitrate,7871966.636,359061.8104,0.04561272
2005,AB,Annual,3,Anhydrous ammonia,118561456.7,5950317.66,0.050187623
2005,AB,Annual,4,Other,84343070.39,3205414.545,0.03800448
2005,BC,Annual,1,Urea,3819613.35,222081.8589,0.058142497
2005,BC,Annual,2,Urea ammonium nitrate,581096.0832,25643.17276,0.044128972
2005,BC,Annual,3,Anhydrous ammonia,1701781.387,82630.09126,0.048555056
2005,BC,Annual,4,Other,5621160.616,206782.2272,0.036786394
2005,MB,Annual,1,Urea,78603942.07,5593670.512,0.071162722
2005,MB,Annual,2,Urea ammonium nitrate,38732809.05,2109450.191,0.054461585
2005,MB,Annual,3,Anhydrous ammonia,94106380.51,5639232.54,0.059924019
2005,MB,Annual,4,Other,36798422.02,1670322.939,0.045391157
2005,NB,Annual,1,Urea,0,0,
2005,NB,Annual,2,Urea ammonium nitrate,0,0,
2005,NB,Annual,3,Anhydrous ammonia,0,0,
2005,NB,Annual,4,Other,8828131.396,284727.5361,0.032252299
2005,NL,Annual,1,Urea,0,0,
2005,NL,Annual,2,Urea ammonium nitrate,0,0,
2005,NL,Annual,3,Anhydrous ammonia,0,0,
2005,NL,Annual,4,Other,27276.00217,873.3894433,0.032020435
2005,NS,Annual,1,Urea,0,0,
2005,NS,Annual,2,Urea ammonium nitrate,0,0,
2005,NS,Annual,3,Anhydrous ammonia,0,0,
2005,NS,Annual,4,Other,487833.6625,15591.92873,0.031961568
2005,ON,Annual,1,Urea,65546632.28,6544440.381,0.099844037
2005,ON,Annual,2,Urea ammonium nitrate,31461548.93,1939325.764,0.061641141
2005,ON,Annual,3,Anhydrous ammonia,9784501.944,530967.598,0.054266186
2005,ON,Annual,4,Other,22018958.04,800737.4254,0.036365818
2005,PE,Annual,1,Urea,27919.25146,2444.305486,0.087549105
2005,PE,Annual,2,Urea ammonium nitrate,0,0,
2005,PE,Annual,3,Anhydrous ammonia,0,0,
2005,PE,Annual,4,Other,15500868.37,495432.0569,0.031961568
2005,QC,Annual,1,Urea,15721284.36,1412307.068,0.089834077
2005,QC,Annual,2,Urea ammonium nitrate,13209440.35,726739.3512,0.055016665
2005,QC,Annual,3,Anhydrous ammonia,3947427.511,191190.8266,0.048434284
2005,QC,Annual,4,Other,33971241.17,1107976.527,0.032615132
2005,SK,Annual,1,Urea,233045706.4,14413331.81,0.061847661
2005,SK,Annual,2,Urea ammonium nitrate,63767181.25,3009306.147,0.047192084
2005,SK,Annual,3,Anhydrous ammonia,145062203.8,7532412.17,0.051925395
2005,SK,Annual,4,Other,78773616.13,3097259.83,0.039318492
2006,AB,Annual,1,Urea,181325599.7,10895398.84,0.060087483
2006,AB,Annual,2,Urea ammonium nitrate,12689385.96,578809.6811,0.045613687
2006,AB,Annual,3,Anhydrous ammonia,118091857,5926875.225,0.050188687
2006,AB,Annual,4,Other,65738484.93,2498356.052,0.038004467
2006,BC,Annual,1,Urea,3510399.89,203959.9454,0.058101627
2006,BC,Annual,2,Urea ammonium nitrate,566499.8468,25000.18532,0.044130966
2006,BC,Annual,3,Anhydrous ammonia,2488552.898,120837.2857,0.04855725
2006,BC,Annual,4,Other,1965065.355,72308.46692,0.036796978
2006,MB,Annual,1,Urea,71128562.24,5060506.137,0.071145908
2006,MB,Annual,2,Urea ammonium nitrate,43677496.37,2378766.773,0.054462068
2006,MB,Annual,3,Anhydrous ammonia,127912668,7665109.049,0.05992455
2006,MB,Annual,4,Other,31682975.84,1437560.283,0.045373272
2006,NB,Annual,1,Urea,0,0,
2006,NB,Annual,2,Urea ammonium nitrate,1211318.187,65918.43145,0.054418758
2006,NB,Annual,3,Anhydrous ammonia,0,0,
2006,NB,Annual,4,Other,6132721.132,197836.2578,0.032259132
2006,NL,Annual,1,Urea,0,0,
2006,NL,Annual,2,Urea ammonium nitrate,7327.466599,396.4834853,0.054109218
2006,NL,Annual,3,Anhydrous ammonia,0,0,
2006,NL,Annual,4,Other,13338.08231,425.8108235,0.031924441
2006,NS,Annual,1,Urea,0,0,
2006,NS,Annual,2,Urea ammonium nitrate,198457.3142,10715.71211,0.053995048
2006,NS,Annual,3,Anhydrous ammonia,0,0,
2006,NS,Annual,4,Other,231303.2277,7392.813819,0.031961568
2006,ON,Annual,1,Urea,72586905.72,7246438.683,0.099831211
2006,ON,Annual,2,Urea ammonium nitrate,46187398.99,2846836.594,0.061636651
2006,ON,Annual,3,Anhydrous ammonia,22268924.51,1208361.572,0.054262233
2006,ON,Annual,4,Other,19061026.29,691417.6311,0.036273893
2006,PE,Annual,1,Urea,0,0,
2006,PE,Annual,2,Urea ammonium nitrate,1682098.05,90824.9641,0.053995048
2006,PE,Annual,3,Anhydrous ammonia,0,0,
2006,PE,Annual,4,Other,10788881.43,344829.5666,0.031961568
2006,QC,Annual,1,Urea,11662049.15,1047668.713,0.089835731
2006,QC,Annual,2,Urea ammonium nitrate,11323622.29,622903.6954,0.055009226
2006,QC,Annual,3,Anhydrous ammonia,3454378.823,167287.7439,0.048427735
2006,QC,Annual,4,Other,25909065.83,845033.0995,0.032615344
2006,SK,Annual,1,Urea,215063947.6,13303652.54,0.061859055
2006,SK,Annual,2,Urea ammonium nitrate,84486185.69,3987489.438,0.04719694
2006,SK,Annual,3,Anhydrous ammonia,127078225.4,6599266.043,0.051930738
2006,SK,Annual,4,Other,66006187.91,2595551.984,0.039322858
2007,AB,Annual,1,Urea,232646291.3,13964783.21,0.060025815
2007,AB,Annual,2,Urea ammonium nitrate,14364163.63,655170.4345,0.045611457
2007,AB,Annual,3,Anhydrous ammonia,127024270.5,6374869.666,0.050186233
2007,AB,Annual,4,Other,67958185.9,2582518.432,0.03800158
2007,BC,Annual,1,Urea,7451103.443,432348.012,0.058024696
2007,BC,Annual,2,Urea ammonium nitrate,0,0,
2007,BC,Annual,3,Anhydrous ammonia,0,0,
2007,BC,Annual,4,Other,5407928.694,198869.1861,0.036773633
2007,MB,Annual,1,Urea,76611446.71,5450952.552,0.071150628
2007,MB,Annual,2,Urea ammonium nitrate,51357897.03,2797959.199,0.054479629
2007,MB,Annual,3,Anhydrous ammonia,142002740.8,8512194.235,0.059943873
2007,MB,Annual,4,Other,39329689.76,1784386.596,0.045369964
2007,NB,Annual,1,Urea,1012854.268,89565.31912,0.088428634
2007,NB,Annual,2,Urea ammonium nitrate,0,0,
2007,NB,Annual,3,Anhydrous ammonia,0,0,
2007,NB,Annual,4,Other,4289594.559,138301.8897,0.03224125
2007,NL,Annual,1,Urea,0,0,
2007,NL,Annual,2,Urea ammonium nitrate,0,0,
2007,NL,Annual,3,Anhydrous ammonia,0,0,
2007,NL,Annual,4,Other,6477.312696,207.2443713,0.031995425
2007,NS,Annual,1,Urea,0,0,
2007,NS,Annual,2,Urea ammonium nitrate,0,0,
2007,NS,Annual,3,Anhydrous ammonia,0,0,
2007,NS,Annual,4,Other,435248.5539,13911.22621,0.031961568
2007,ON,Annual,1,Urea,105105603.7,10494291.44,0.099845213
2007,ON,Annual,2,Urea ammonium nitrate,51975000,3203989.157,0.061644813
2007,ON,Annual,3,Anhydrous ammonia,0,0,
2007,ON,Annual,4,Other,10468639.1,379216.6256,0.036224061
2007,PE,Annual,1,Urea,1775217.79,155418.7293,0.087549105
2007,PE,Annual,2,Urea ammonium nitrate,0,0,
2007,PE,Annual,3,Anhydrous ammonia,0,0,
2007,PE,Annual,4,Other,7203934.771,230249.0504,0.031961568
2007,QC,Annual,1,Urea,40655855.5,3642590.173,0.089595708
2007,QC,Annual,2,Urea ammonium nitrate,18224986.48,1002500.14,0.055006907
2007,QC,Annual,3,Anhydrous ammonia,0,0,
2007,QC,Annual,4,Other,22056129.25,718307.3637,0.032567245
2007,SK,Annual,1,Urea,237789191.3,14717122.33,0.061891469
2007,SK,Annual,2,Urea ammonium nitrate,90641573.75,4280068.769,0.047219709
2007,SK,Annual,3,Anhydrous ammonia,150365847.6,7812376.583,0.051955791
2007,SK,Annual,4,Other,76811767.63,3021890.856,0.039341509
2008,AB,Annual,1,Urea,287085328.9,17218373.63,0.059976501
2008,AB,Annual,2,Urea ammonium nitrate,15024494.89,685309.7249,0.04561283
2008,AB,Annual,3,Anhydrous ammonia,145804937.1,7317620.749,0.050187743
2008,AB,Annual,4,Other,46624542.83,1771859.601,0.038002723
2008,BC,Annual,1,Urea,8261296.879,479375.4494,0.058026658
2008,BC,Annual,2,Urea ammonium nitrate,0,0,
2008,BC,Annual,3,Anhydrous ammonia,0,0,
2008,BC,Annual,4,Other,5545760.695,203968.172,0.036779115
2008,MB,Annual,1,Urea,83701988.65,5955762.125,0.071154368
2008,MB,Annual,2,Urea ammonium nitrate,57830018.08,3150640.481,0.054481056
2008,MB,Annual,3,Anhydrous ammonia,144575045.2,8666615.127,0.059945443
2008,MB,Annual,4,Other,45021150,2042549.633,0.045368669
2008,NB,Annual,1,Urea,746038.5616,65956.43747,0.088408885
2008,NB,Annual,2,Urea ammonium nitrate,0,0,
2008,NB,Annual,3,Anhydrous ammonia,0,0,
2008,NB,Annual,4,Other,5409187.327,174402.4782,0.0322419
2008,NL,Annual,1,Urea,0,0,
2008,NL,Annual,2,Urea ammonium nitrate,0,0,
2008,NL,Annual,3,Anhydrous ammonia,0,0,
2008,NL,Annual,4,Other,415.7087209,13.53326252,0.032554676
2008,NS,Annual,1,Urea,0,0,
2008,NS,Annual,2,Urea ammonium nitrate,0,0,
2008,NS,Annual,3,Anhydrous ammonia,0,0,
2008,NS,Annual,4,Other,448669.755,14340.18884,0.031961568
2008,ON,Annual,1,Urea,31551378.24,3153354.692,0.099943485
2008,ON,Annual,2,Urea ammonium nitrate,44458342.44,2741109.598,0.061655686
2008,ON,Annual,3,Anhydrous ammonia,20471608.72,1111178.256,0.054278991
2008,ON,Annual,4,Other,25881811.78,940017.3988,0.036319613
2008,PE,Annual,1,Urea,1090865.962,95504.33901,0.087549105
2008,PE,Annual,2,Urea ammonium nitrate,0,0,
2008,PE,Annual,3,Anhydrous ammonia,0,0,
2008,PE,Annual,4,Other,9305108.104,297405.8445,0.031961568
2008,QC,Annual,1,Urea,25965050.43,2330209.912,0.089744093
2008,QC,Annual,2,Urea ammonium nitrate,25029400.39,1376971.025,0.055014144
2008,QC,Annual,3,Anhydrous ammonia,0,0,
2008,QC,Annual,4,Other,31347806.03,1021946,0.03260024
2008,SK,Annual,1,Urea,292432027.5,18097844.14,0.061887353
2008,SK,Annual,2,Urea ammonium nitrate,101326033,4784192.012,0.047215823
2008,SK,Annual,3,Anhydrous ammonia,193705620.7,10063300.41,0.051951515
2008,SK,Annual,4,Other,92761570.71,3649079.799,0.039338271
2009,AB,Annual,1,Urea,296617415.2,17780231.91,0.059943318
2009,AB,Annual,2,Urea ammonium nitrate,12117526.27,552706.9774,0.045612196
2009,AB,Annual,3,Anhydrous ammonia,108936963.8,5467224.366,0.050187046
2009,AB,Annual,4,Other,69877063.88,2655481.81,0.038002195
2009,BC,Annual,1,Urea,13320389.34,771686.8516,0.057932755
2009,BC,Annual,2,Urea ammonium nitrate,0,0,
2009,BC,Annual,3,Anhydrous ammonia,0,0,
2009,BC,Annual,4,Other,0,0,
2009,MB,Annual,1,Urea,93339922,6642347.556,0.071162986
2009,MB,Annual,2,Urea ammonium nitrate,50090452.26,2728439.225,0.054470245
2009,MB,Annual,3,Anhydrous ammonia,112080402,6717376.1,0.059933548
2009,MB,Annual,4,Other,37892158.69,1719490.233,0.045378524
2009,NB,Annual,1,Urea,0,0,
2009,NB,Annual,2,Urea ammonium nitrate,0,0,
2009,NB,Annual,3,Anhydrous ammonia,311929.9339,14942.76348,0.047904231
2009,NB,Annual,4,Other,5908514.156,190520.7323,0.032245117
2009,NL,Annual,1,Urea,0,0,
2009,NL,Annual,2,Urea ammonium nitrate,0,0,
2009,NL,Annual,3,Anhydrous ammonia,307.2657923,14.81102493,0.048202648
2009,NL,Annual,4,Other,592.177248,18.92718212,0.031962022
2009,NS,Annual,1,Urea,0,0,
2009,NS,Annual,2,Urea ammonium nitrate,0,0,
2009,NS,Annual,3,Anhydrous ammonia,63678.75044,3026.962837,0.047534897
2009,NS,Annual,4,Other,393133.3668,12565.1588,0.031961568
2009,ON,Annual,1,Urea,77119933.82,7705343.677,0.099913774
2009,ON,Annual,2,Urea ammonium nitrate,75370473.26,4647840.994,0.061666602
2009,ON,Annual,3,Anhydrous ammonia,19908783.27,1080819.987,0.054288601
2009,ON,Annual,4,Other,15544272.33,562258.8053,0.036171446
2009,PE,Annual,1,Urea,0,0,
2009,PE,Annual,2,Urea ammonium nitrate,0,0,
2009,PE,Annual,3,Anhydrous ammonia,447250.073,21259.98611,0.047534897
2009,PE,Annual,4,Other,10176998.55,325272.8302,0.031961568
2009,QC,Annual,1,Urea,15615939.45,1403089.118,0.089849805
2009,QC,Annual,2,Urea ammonium nitrate,24203216.37,1331707.649,0.055021929
2009,QC,Annual,3,Anhydrous ammonia,5769371.345,279462.1094,0.048438919
2009,QC,Annual,4,Other,32580832.23,1063401.627,0.032638872
2009,SK,Annual,1,Urea,287895466.4,17816772.19,0.061886255
2009,SK,Annual,2,Urea ammonium nitrate,87541582.89,4133383.292,0.047216227
2009,SK,Annual,3,Anhydrous ammonia,174761469.6,9079200.895,0.05195196
2009,SK,Annual,4,Other,87863279.11,3456419.108,0.039338608
2010,AB,Annual,1,Urea,290770341.2,17427953.64,0.059937178
2010,AB,Annual,2,Urea ammonium nitrate,14892244.39,679272.0571,0.04561247
2010,AB,Annual,3,Anhydrous ammonia,125901683.4,6318671.61,0.050187348
2010,AB,Annual,4,Other,76789389.53,2918182.948,0.038002424
2010,BC,Annual,1,Urea,5235851.791,304255.3055,0.058109992
2010,BC,Annual,2,Urea ammonium nitrate,0,0,
2010,BC,Annual,3,Anhydrous ammonia,10352013.59,502706.4217,0.048561221
2010,BC,Annual,4,Other,491049.8813,18462.54642,0.037598108
2010,MB,Annual,1,Urea,88646503.46,6306623.163,0.071143507
2010,MB,Annual,2,Urea ammonium nitrate,53573781.74,2917537.919,0.054458316
2010,MB,Annual,3,Anhydrous ammonia,149423472.9,8953517.451,0.059920421
2010,MB,Annual,4,Other,44487929.27,2016725.017,0.04533196
2010,NB,Annual,1,Urea,0,0,
2010,NB,Annual,2,Urea ammonium nitrate,0,0,
2010,NB,Annual,3,Anhydrous ammonia,0,0,
2010,NB,Annual,4,Other,5402466.561,174177.8004,0.032240422
2010,NL,Annual,1,Urea,0,0,
2010,NL,Annual,2,Urea ammonium nitrate,0,0,
2010,NL,Annual,3,Anhydrous ammonia,0,0,
2010,NL,Annual,4,Other,933.7581065,29.94005532,0.032064038
2010,NS,Annual,1,Urea,0,0,
2010,NS,Annual,2,Urea ammonium nitrate,0,0,
2010,NS,Annual,3,Anhydrous ammonia,0,0,
2010,NS,Annual,4,Other,393715.1112,12583.75226,0.031961568
2010,ON,Annual,1,Urea,56905928.45,5688072.111,0.099955703
2010,ON,Annual,2,Urea ammonium nitrate,65826168.22,4059910.253,0.061676235
2010,ON,Annual,3,Anhydrous ammonia,50595327.1,2747178.6,0.054297082
2010,ON,Annual,4,Other,21375472,774092.1041,0.036214036
2010,PE,Annual,1,Urea,0,0,
2010,PE,Annual,2,Urea ammonium nitrate,0,0,
2010,PE,Annual,3,Anhydrous ammonia,0,0,
2010,PE,Annual,4,Other,9096881.993,290750.6115,0.031961568
2010,QC,Annual,1,Urea,17099157.11,1536030.248,0.089830758
2010,QC,Annual,2,Urea ammonium nitrate,18734286.27,1030922.864,0.05502867
2010,QC,Annual,3,Anhydrous ammonia,5732132.367,277692.3135,0.048444854
2010,QC,Annual,4,Other,31455871.16,1026345.45,0.032628104
2010,SK,Annual,1,Urea,279251127.2,17283337.36,0.061891737
2010,SK,Annual,2,Urea ammonium nitrate,98280000,4640678.263,0.047218949
2010,SK,Annual,3,Anhydrous ammonia,154920000,8048861.487,0.051954954
2010,SK,Annual,4,Other,92340000,3632736.419,0.039340875
2011,AB,Annual,1,Urea,333489564.9,19979718.67,0.059911076
2011,AB,Annual,2,Urea ammonium nitrate,18002286.08,821107.7203,0.045611303
2011,AB,Annual,3,Anhydrous ammonia,133449982.3,6697329.255,0.050186063
2011,AB,Annual,4,Other,85420445.61,3246100.897,0.038001451
2011,BC,Annual,1,Urea,10935194.06,634153.8782,0.05799201
2011,BC,Annual,2,Urea ammonium nitrate,0,0,
2011,BC,Annual,3,Anhydrous ammonia,0,0,
2011,BC,Annual,4,Other,3624588.265,133309.7103,0.03677927
2011,MB,Annual,1,Urea,97821206.45,6961509.235,0.071165645
2011,MB,Annual,2,Urea ammonium nitrate,52525996.25,2860280.926,0.054454577
2011,MB,Annual,3,Anhydrous ammonia,104768068.2,6277315.846,0.059916308
2011,MB,Annual,4,Other,43839489.21,1988259.567,0.045353165
2011,NB,Annual,1,Urea,0,0,
2011,NB,Annual,2,Urea ammonium nitrate,0,0,
2011,NB,Annual,3,Anhydrous ammonia,0,0,
2011,NB,Annual,4,Other,5583091.241,179979.406,0.032236515
2011,NL,Annual,1,Urea,0,0,
2011,NL,Annual,2,Urea ammonium nitrate,0,0,
2011,NL,Annual,3,Anhydrous ammonia,0,0,
2011,NL,Annual,4,Other,53.27978508,1.761975973,0.033070253
2011,NS,Annual,1,Urea,0,0,
2011,NS,Annual,2,Urea ammonium nitrate,0,0,
2011,NS,Annual,3,Anhydrous ammonia,0,0,
2011,NS,Annual,4,Other,357029.8646,11411.23426,0.031961568
2011,ON,Annual,1,Urea,62215132.56,6219252.371,0.09996366
2011,ON,Annual,2,Urea ammonium nitrate,78960000,4870585.095,0.061684208
2011,ON,Annual,3,Anhydrous ammonia,19480000,1057843.878,0.0543041
2011,ON,Annual,4,Other,32487081.09,1180089.77,0.036324894
2011,PE,Annual,1,Urea,2921.099762,255.7396707,0.087549105
2011,PE,Annual,2,Urea ammonium nitrate,0,0,
2011,PE,Annual,3,Anhydrous ammonia,0,0,
2011,PE,Annual,4,Other,9242100.879,295392.0348,0.031961568
2011,QC,Annual,1,Urea,18847650.93,1692045.568,0.089774878
2011,QC,Annual,2,Urea ammonium nitrate,20647201.51,1135726.518,0.055006317
2011,QC,Annual,3,Anhydrous ammonia,5038900.368,244009.6319,0.048425175
2011,QC,Annual,4,Other,37908661.96,1236019.229,0.032605193
2011,SK,Annual,1,Urea,307321512.2,19023307.06,0.061900343
2011,SK,Annual,2,Urea ammonium nitrate,99960000,4720624.992,0.04722514
2011,SK,Annual,3,Anhydrous ammonia,179130000,9307911.235,0.051961767
2011,SK,Annual,4,Other,94930000,3735118.976,0.039346034
2012,AB,Annual,1,Urea,379286799.7,22721751.37,0.059906518
2012,AB,Annual,2,Urea ammonium nitrate,17644032.74,804903.163,0.045619002
2012,AB,Annual,3,Anhydrous ammonia,145326966.1,7294619.435,0.050194535
2012,AB,Annual,4,Other,99306760.16,3774438.018,0.038007866
2012,BC,Annual,1,Urea,12145856.96,703327.5187,0.057906784
2012,BC,Annual,2,Urea ammonium nitrate,0,0,
2012,BC,Annual,3,Anhydrous ammonia,0,0,
2012,BC,Annual,4,Other,2141550.123,78683.24523,0.036741258
2012,MB,Annual,1,Urea,94695935.08,6734590.355,0.071118051
2012,MB,Annual,2,Urea ammonium nitrate,55440000,3017549.449,0.054429103
2012,MB,Annual,3,Anhydrous ammonia,118080000,7071607.891,0.059888278
2012,MB,Annual,4,Other,44497770.98,2017170.877,0.045331953
2012,NB,Annual,1,Urea,0,0,
2012,NB,Annual,2,Urea ammonium nitrate,0,0,
2012,NB,Annual,3,Anhydrous ammonia,0,0,
2012,NB,Annual,4,Other,6840967.485,220525.341,0.032235987
2012,NL,Annual,1,Urea,0,0,
2012,NL,Annual,2,Urea ammonium nitrate,0,0,
2012,NL,Annual,3,Anhydrous ammonia,0,0,
2012,NL,Annual,4,Other,-3.63798E-12,-1.16276E-13,0.031961568
2012,NS,Annual,1,Urea,0,0,
2012,NS,Annual,2,Urea ammonium nitrate,0,0,
2012,NS,Annual,3,Anhydrous ammonia,0,0,
2012,NS,Annual,4,Other,459000.2512,14670.3677,0.031961568
2012,ON,Annual,1,Urea,69120768.8,6906095.345,0.099913463
2012,ON,Annual,2,Urea ammonium nitrate,55720000,3435951.988,0.061664609
2012,ON,Annual,3,Anhydrous ammonia,13940000,756758.6282,0.054286846
2012,ON,Annual,4,Other,41448235.93,1508407.157,0.036392554
2012,PE,Annual,1,Urea,0,0,
2012,PE,Annual,2,Urea ammonium nitrate,0,0,
2012,PE,Annual,3,Anhydrous ammonia,0,0,
2012,PE,Annual,4,Other,11465348.78,366450.5237,0.031961568
2012,QC,Annual,1,Urea,25342317.37,2274748.858,0.089760886
2012,QC,Annual,2,Urea ammonium nitrate,37240000,2048794.586,0.055015966
2012,QC,Annual,3,Anhydrous ammonia,4920000,238293.6541,0.04843367
2012,QC,Annual,4,Other,40183696.38,1310615.541,0.032615604
2012,SK,Annual,1,Urea,379686261.9,23502533.55,0.061899879
2012,SK,Annual,2,Urea ammonium nitrate,129640000,6122549.696,0.047227319
2012,SK,Annual,3,Anhydrous ammonia,221400000,11504866.04,0.051964165
2012,SK,Annual,4,Other,137160000,5396951.043,0.03934785
2013,AB,Annual,1,Urea,412963041.4,24735448,0.059897486
2013,AB,Annual,2,Urea ammonium nitrate,15967788.62,728577.6225,0.04562796
2013,AB,Annual,3,Anhydrous ammonia,145125960.6,7285960.526,0.050204391
2013,AB,Annual,4,Other,88452109.86,3362536.099,0.038015329
2013,BC,Annual,1,Urea,6903415.638,400570.0843,0.058024912
2013,BC,Annual,2,Urea ammonium nitrate,0,0,
2013,BC,Annual,3,Anhydrous ammonia,7199347.898,349271.2988,0.048514297
2013,BC,Annual,4,Other,4879149.025,179642.7542,0.03681846
2013,MB,Annual,1,Urea,125709140.4,8937687.536,0.071098152
2013,MB,Annual,2,Urea ammonium nitrate,58800000,3199324.853,0.054410287
2013,MB,Annual,3,Anhydrous ammonia,141860000,8492814.188,0.059867575
2013,MB,Annual,4,Other,52443959.31,2377155.252,0.045327532
2013,NB,Annual,1,Urea,231575.087,20445.99943,0.088291015
2013,NB,Annual,2,Urea ammonium nitrate,0,0,
2013,NB,Annual,3,Anhydrous ammonia,0,0,
2013,NB,Annual,4,Other,3548753.224,114398.1984,0.032236166
2013,NL,Annual,1,Urea,0,0,
2013,NL,Annual,2,Urea ammonium nitrate,0,0,
2013,NL,Annual,3,Anhydrous ammonia,0,0,
2013,NL,Annual,4,Other,1.81899E-12,5.81378E-14,0.031961568
2013,NS,Annual,1,Urea,0,0,
2013,NS,Annual,2,Urea ammonium nitrate,0,0,
2013,NS,Annual,3,Anhydrous ammonia,0,0,
2013,NS,Annual,4,Other,254109.1817,8121.727867,0.031961568
2013,ON,Annual,1,Urea,71219650.71,7112078.653,0.099861184
2013,ON,Annual,2,Urea ammonium nitrate,88760000,5470786.201,0.061635717
2013,ON,Annual,3,Anhydrous ammonia,13940000,756404.0608,0.05426141
2013,ON,Annual,4,Other,38253770.64,1390419,0.03634724
2013,PE,Annual,1,Urea,283449.6905,24815.7668,0.087549105
2013,PE,Annual,2,Urea ammonium nitrate,0,0,
2013,PE,Annual,3,Anhydrous ammonia,0,0,
2013,PE,Annual,4,Other,6244876.138,199596.0327,0.031961568
2013,QC,Annual,1,Urea,22395464.88,2010158.635,0.089757397
2013,QC,Annual,2,Urea ammonium nitrate,31640000,1740860.089,0.055020862
2013,QC,Annual,3,Anhydrous ammonia,5740000,278034.0046,0.04843798
2013,QC,Annual,4,Other,38072383.06,1241740.999,0.032615269
2013,SK,Annual,1,Urea,482267920.5,29846251.27,0.061887283
2013,SK,Annual,2,Urea ammonium nitrate,71047723.58,3355420.89,0.047227704
2013,SK,Annual,3,Anhydrous ammonia,208068333.3,10812185.25,0.051964588
2013,SK,Annual,4,Other,195181443.1,7680032.656,0.03934817
2014,AB,Annual,1,Urea,424443439.4,25426689.24,0.059905954
2014,AB,Annual,2,Urea ammonium nitrate,23157792.97,1056891.942,0.045638716
2014,AB,Annual,3,Anhydrous ammonia,147749082.2,7419401.348,0.050216226
2014,AB,Annual,4,Other,107498632.5,4087559.286,0.038024291
2014,BC,Annual,1,Urea,7779483.245,451185.129,0.057996799
2014,BC,Annual,2,Urea ammonium nitrate,0,0,
2014,BC,Annual,3,Anhydrous ammonia,2773545.671,134551.294,0.048512377
2014,BC,Annual,4,Other,5207673.194,191457.4685,0.036764494
2014,MB,Annual,1,Urea,101193659,7190886.774,0.071060646
2014,MB,Annual,2,Urea ammonium nitrate,58956382.98,3206945.663,0.054395224
2014,MB,Annual,3,Anhydrous ammonia,139770744.7,8365419.077,0.059851002
2014,MB,Annual,4,Other,60173806.67,2726501.398,0.045310436
2014,NB,Annual,1,Urea,0,0,
2014,NB,Annual,2,Urea ammonium nitrate,0,0,
2014,NB,Annual,3,Anhydrous ammonia,0,0,
2014,NB,Annual,4,Other,6773846.224,218350.8014,0.03223439
2014,NL,Annual,1,Urea,0,0,
2014,NL,Annual,2,Urea ammonium nitrate,0,0,
2014,NL,Annual,3,Anhydrous ammonia,0,0,
2014,NL,Annual,4,Other,0,0,
2014,NS,Annual,1,Urea,0,0,
2014,NS,Annual,2,Urea ammonium nitrate,0,0,
2014,NS,Annual,3,Anhydrous ammonia,0,0,
2014,NS,Annual,4,Other,473167.4802,15123.17455,0.031961568
2014,ON,Annual,1,Urea,62379900.42,6227342.061,0.099829304
2014,ON,Annual,2,Urea ammonium nitrate,69440000,4279007.99,0.061621659
2014,ON,Annual,3,Anhydrous ammonia,16400000,889684.1673,0.054249035
2014,ON,Annual,4,Other,39004079.81,1418632.989,0.0363714
2014,PE,Annual,1,Urea,12763.92748,1117.470431,0.087549105
2014,PE,Annual,2,Urea ammonium nitrate,0,0,
2014,PE,Annual,3,Anhydrous ammonia,0,0,
2014,PE,Annual,4,Other,11858612.5,379019.8488,0.031961568
2014,QC,Annual,1,Urea,22243340.82,1996644.474,0.089763696
2014,QC,Annual,2,Urea ammonium nitrate,36120000,1987625.913,0.055028403
2014,QC,Annual,3,Anhydrous ammonia,9020000,436970.4558,0.048444618
2014,QC,Annual,4,Other,35896154.2,1171214.104,0.032627844
2014,SK,Annual,1,Urea,445322269.8,27558467.66,0.061884324
2014,SK,Annual,2,Urea ammonium nitrate,131880000,6228308.049,0.047227086
2014,SK,Annual,3,Anhydrous ammonia,202540000,10524769.78,0.051963907
2014,SK,Annual,4,Other,141920000,5584219.153,0.039347655
2015,AB,Annual,1,Urea,478048295,28632822.42,0.059895251
2015,AB,Annual,2,Urea ammonium nitrate,22842720.96,1042716.335,0.045647641
2015,AB,Annual,3,Anhydrous ammonia,113032084.7,5677154.762,0.050226047
2015,AB,Annual,4,Other,116576644.9,4433611.143,0.038031727
2015,BC,Annual,1,Urea,10040705.72,582020.4988,0.057966095
2015,BC,Annual,2,Urea ammonium nitrate,0,0,
2015,BC,Annual,3,Anhydrous ammonia,1374227.405,66667.51808,0.048512726
2015,BC,Annual,4,Other,5464559.016,200796.8543,0.036745299
2015,MB,Annual,1,Urea,117881936.5,8375139.855,0.071046847
2015,MB,Annual,2,Urea ammonium nitrate,58000000,3153963.186,0.054378676
2015,MB,Annual,3,Anhydrous ammonia,147600000,8831320.313,0.059832793
2015,MB,Annual,4,Other,61886680.59,2803812.112,0.045305582
2015,NB,Annual,1,Urea,112105.9318,9875.091489,0.088087145
2015,NB,Annual,2,Urea ammonium nitrate,0,0,
2015,NB,Annual,3,Anhydrous ammonia,0,0,
2015,NB,Annual,4,Other,5084908.436,163907.3583,0.032234083
2015,NL,Annual,1,Urea,0,0,
2015,NL,Annual,2,Urea ammonium nitrate,0,0,
2015,NL,Annual,3,Anhydrous ammonia,0,0,
2015,NL,Annual,4,Other,-3.63798E-12,-1.16276E-13,0.031961568
2015,NS,Annual,1,Urea,0,0,
2015,NS,Annual,2,Urea ammonium nitrate,0,0,
2015,NS,Annual,3,Anhydrous ammonia,0,0,
2015,NS,Annual,4,Other,422786.3346,13512.91414,0.031961568
2015,ON,Annual,1,Urea,39871237.77,3978768.027,0.099790432
2015,ON,Annual,2,Urea ammonium nitrate,70560000,4346641.842,0.061602067
2015,ON,Annual,3,Anhydrous ammonia,18040000,978341.4324,0.054231787
2015,ON,Annual,4,Other,32628165.91,1186091.828,0.036351778
2015,PE,Annual,1,Urea,72324.46112,6331.941864,0.087549105
2015,PE,Annual,2,Urea ammonium nitrate,0,0,
2015,PE,Annual,3,Anhydrous ammonia,0,0,
2015,PE,Annual,4,Other,9178676.562,293364.8942,0.031961568
2015,QC,Annual,1,Urea,23949440.08,2149066.85,0.08973349
2015,QC,Annual,2,Urea ammonium nitrate,33880000,1863730.241,0.055009747
2015,QC,Annual,3,Anhydrous ammonia,13120000,635377.9136,0.048428195
2015,QC,Annual,4,Other,45281647.94,1476526.278,0.032607609
2015,SK,Annual,1,Urea,499128237,30885493.74,0.061878875
2015,SK,Annual,2,Urea ammonium nitrate,138880000,6558919.742,0.047227245
2015,SK,Annual,3,Anhydrous ammonia,216480000,11249184.54,0.051964082
2015,SK,Annual,4,Other,147240000,5793568.191,0.039347787
2016,AB,Annual,1,Urea,401640752.7,24057691.13,0.059898531
2016,AB,Annual,2,Urea ammonium nitrate,18589248.78,848717.6873,0.045656374
2016,AB,Annual,3,Anhydrous ammonia,100921504.2,5069857.838,0.050235655
2016,AB,Annual,4,Other,105312820.4,4005994.629,0.038039002
2016,BC,Annual,1,Urea,10813934.78,626724.1936,0.057955241
2016,BC,Annual,2,Urea ammonium nitrate,0,0,
2016,BC,Annual,3,Anhydrous ammonia,0,0,
2016,BC,Annual,4,Other,6490463.509,238474.7409,0.036742328
2016,MB,Annual,1,Urea,134353954.2,9543913.957,0.071035602
2016,MB,Annual,2,Urea ammonium nitrate,47200000,2565963.147,0.054363626
2016,MB,Annual,3,Anhydrous ammonia,148420000,8877925.502,0.059816234
2016,MB,Annual,4,Other,70045320.44,3173200.719,0.045302109
2016,NB,Annual,1,Urea,20628.67467,1817.121059,0.088087145
2016,NB,Annual,2,Urea ammonium nitrate,0,0,
2016,NB,Annual,3,Anhydrous ammonia,0,0,
2016,NB,Annual,4,Other,8447524.573,272279.0113,0.032231811
2016,NL,Annual,1,Urea,0,0,
2016,NL,Annual,2,Urea ammonium nitrate,0,0,
2016,NL,Annual,3,Anhydrous ammonia,0,0,
2016,NL,Annual,4,Other,1401.628378,44.79824058,0.031961568
2016,NS,Annual,1,Urea,0,0,
2016,NS,Annual,2,Urea ammonium nitrate,0,0,
2016,NS,Annual,3,Anhydrous ammonia,0,0,
2016,NS,Annual,4,Other,846449.9478,27053.86748,0.031961568
2016,ON,Annual,1,Urea,76305441.62,7610185.416,0.099733194
2016,ON,Annual,2,Urea ammonium nitrate,65074101.88,4007159.394,0.061578405
2016,ON,Annual,3,Anhydrous ammonia,17220000,933512.6571,0.054210956
2016,ON,Annual,4,Other,40228871.77,1463515.596,0.036379733
2016,PE,Annual,1,Urea,37089.48839,3247.151525,0.087549105
2016,PE,Annual,2,Urea ammonium nitrate,0,0,
2016,PE,Annual,3,Anhydrous ammonia,0,0,
2016,PE,Annual,4,Other,15443740.81,493606.1706,0.031961568
2016,QC,Annual,1,Urea,32243705.68,2890363.769,0.089641178
2016,QC,Annual,2,Urea ammonium nitrate,31245898.12,1718673.377,0.055004768
2016,QC,Annual,3,Anhydrous ammonia,6560000,317660.2001,0.048423811
2016,QC,Annual,4,Other,47710460.53,1554727.971,0.032586732
2016,SK,Annual,1,Urea,498586041.9,30850374.55,0.061875728
2016,SK,Annual,2,Urea ammonium nitrate,128800000,6082896.11,0.047227454
2016,SK,Annual,3,Anhydrous ammonia,213200000,11078791.52,0.051964313
2016,SK,Annual,4,Other,172980000,6806410.44,0.039347962
2017,AB,Annual,1,Urea,335526679.4,20099018.61,0.059902893
2017,AB,Annual,2,Urea ammonium nitrate,20873520.87,953064.2363,0.045659007
2017,AB,Annual,3,Anhydrous ammonia,69124317.96,3472705.66,0.050238552
2017,AB,Annual,4,Other,83232692.42,3166271.205,0.038041196
2017,BC,Annual,1,Urea,10522742.94,609644.0141,0.057935846
2017,BC,Annual,2,Urea ammonium nitrate,0,0,
2017,BC,Annual,3,Anhydrous ammonia,0,0,
2017,BC,Annual,4,Other,6685082.272,245638.4009,0.03674426
2017,MB,Annual,1,Urea,147742135.9,10498051.92,0.071056587
2017,MB,Annual,2,Urea ammonium nitrate,53000000,2881273.065,0.054363643
2017,MB,Annual,3,Anhydrous ammonia,116440000,6965004.474,0.059816253
2017,MB,Annual,4,Other,72841783.02,3299569.823,0.045297763
2017,NB,Annual,1,Urea,26385.03288,2324.182221,0.088087145
2017,NB,Annual,2,Urea ammonium nitrate,0,0,
2017,NB,Annual,3,Anhydrous ammonia,0,0,
2017,NB,Annual,4,Other,7618888.506,245605.5683,0.032236404
2017,NL,Annual,1,Urea,0,0,
2017,NL,Annual,2,Urea ammonium nitrate,0,0,
2017,NL,Annual,3,Anhydrous ammonia,0,0,
2017,NL,Annual,4,Other,133.3485316,4.262028147,0.031961568
2017,NS,Annual,1,Urea,0,0,
2017,NS,Annual,2,Urea ammonium nitrate,0,0,
2017,NS,Annual,3,Anhydrous ammonia,0,0,
2017,NS,Annual,4,Other,736293.6905,23533.10079,0.031961568
2017,ON,Annual,1,Urea,66852682.12,6663464.633,0.099673856
2017,ON,Annual,2,Urea ammonium nitrate,79520000,4893145.338,0.061533518
2017,ON,Annual,3,Anhydrous ammonia,11794520.55,638926.1512,0.054171439
2017,ON,Annual,4,Other,37173623.24,1350794.161,0.036337436
2017,PE,Annual,1,Urea,28621.88605,2505.820516,0.087549105
2017,PE,Annual,2,Urea ammonium nitrate,0,0,
2017,PE,Annual,3,Anhydrous ammonia,0,0,
2017,PE,Annual,4,Other,13780515.25,440446.8738,0.031961568
2017,QC,Annual,1,Urea,26837461.25,2404635.012,0.089599944
2017,QC,Annual,2,Urea ammonium nitrate,25200000,1386048.005,0.055001905
2017,QC,Annual,3,Anhydrous ammonia,5740000,277938.2076,0.048421291
2017,QC,Annual,4,Other,29647400.12,966042.8322,0.032584403
2017,SK,Annual,1,Urea,544643696.8,33701779.34,0.061878581
2017,SK,Annual,2,Urea ammonium nitrate,136360000,6440161.54,0.047229111
2017,SK,Annual,3,Anhydrous ammonia,195160000,10141711.01,0.051966136
2017,SK,Annual,4,Other,173540000,6828684.801,0.039349342
2018,AB,Annual,1,Urea,392601403.3,23519620.32,0.059907122
2018,AB,Annual,2,Urea ammonium nitrate,17846579.03,814848.0652,0.045658502
2018,AB,Annual,3,Anhydrous ammonia,89618295.75,4502243.639,0.050237997
2018,AB,Annual,4,Other,102333702,3892853.407,0.038040776
2018,BC,Annual,1,Urea,11760980.63,681380.3458,0.057935675
2018,BC,Annual,2,Urea ammonium nitrate,0,0,
2018,BC,Annual,3,Anhydrous ammonia,1124474.296,54549.82107,0.048511399
2018,BC,Annual,4,Other,7724632.519,283848.5407,0.036745896
2018,MB,Annual,1,Urea,150738322.9,10709801.21,0.071048961
2018,MB,Annual,2,Urea ammonium nitrate,45314285.71,2463207.031,0.054358289
2018,MB,Annual,3,Anhydrous ammonia,134480000,8043297.465,0.059810362
2018,MB,Annual,4,Other,76279190.31,3454760.729,0.045290999
2018,NB,Annual,1,Urea,0,0,
2018,NB,Annual,2,Urea ammonium nitrate,0,0,
2018,NB,Annual,3,Anhydrous ammonia,0,0,
2018,NB,Annual,4,Other,8864199.486,285792.7263,0.032241234
2018,NL,Annual,1,Urea,0,0,
2018,NL,Annual,2,Urea ammonium nitrate,0,0,
2018,NL,Annual,3,Anhydrous ammonia,0,0,
2018,NL,Annual,4,Other,98.75583197,3.156391229,0.031961568
2018,NS,Annual,1,Urea,0,0,
2018,NS,Annual,2,Urea ammonium nitrate,0,0,
2018,NS,Annual,3,Anhydrous ammonia,0,0,
2018,NS,Annual,4,Other,997976.668,31896.89904,0.031961568
2018,ON,Annual,1,Urea,71022733.9,7074120.092,0.099603602
2018,ON,Annual,2,Urea ammonium nitrate,64220000,3948638.168,0.061486113
2018,ON,Annual,3,Anhydrous ammonia,11480000,621409.0225,0.054129706
2018,ON,Annual,4,Other,35044952.53,1272841.591,0.036320254
2018,PE,Annual,1,Urea,0,0,
2018,PE,Annual,2,Urea ammonium nitrate,0,0,
2018,PE,Annual,3,Anhydrous ammonia,0,0,
2018,PE,Annual,4,Other,16045784.65,512848.4356,0.031961568
2018,QC,Annual,1,Urea,42425751.17,3800356.362,0.089576643
2018,QC,Annual,2,Urea ammonium nitrate,33020000,1816171.745,0.055002173
2018,QC,Annual,3,Anhydrous ammonia,15580000,754407.3796,0.048421526
2018,QC,Annual,4,Other,37764812.97,1230562.136,0.032584886
2018,SK,Annual,1,Urea,545528280.6,33759739.72,0.061884491
2018,SK,Annual,2,Urea ammonium nitrate,133640000,6311766.787,0.047229623
2018,SK,Annual,3,Anhydrous ammonia,230420000,11974166.77,0.051966699
2018,SK,Annual,4,Other,198700000,7818799.011,0.039349769
2019,AB,Annual,1,Urea,412147716.8,24693065.48,0.059913144
2019,AB,Annual,2,Urea ammonium nitrate,24502475.31,1118753.092,0.045658778
2019,AB,Annual,3,Anhydrous ammonia,84089894.39,4224533.405,0.050238301
2019,AB,Annual,4,Other,121429891.9,4619315.251,0.038041006
2019,BC,Annual,1,Urea,11702440.26,677822.053,0.057921428
2019,BC,Annual,2,Urea ammonium nitrate,0,0,
2019,BC,Annual,3,Anhydrous ammonia,572526.6019,27775.29042,0.048513537
2019,BC,Annual,4,Other,8379386.196,307915.413,0.036746774
2019,MB,Annual,1,Urea,157895882.9,11218698.39,0.071051241
2019,MB,Annual,2,Urea ammonium nitrate,62214285.71,3381799.024,0.054357275
2019,MB,Annual,3,Anhydrous ammonia,126184155.8,7546979.235,0.059809246
2019,MB,Annual,4,Other,79321383.18,3592285.198,0.045287728
2019,NB,Annual,1,Urea,308390.7444,27200.15666,0.088200302
2019,NB,Annual,2,Urea ammonium nitrate,0,0,
2019,NB,Annual,3,Anhydrous ammonia,0,0,
2019,NB,Annual,4,Other,8589371.307,276978.0289,0.032246601
2019,NL,Annual,1,Urea,0,0,
2019,NL,Annual,2,Urea ammonium nitrate,0,0,
2019,NL,Annual,3,Anhydrous ammonia,0,0,
2019,NL,Annual,4,Other,0,0,
2019,NS,Annual,1,Urea,0,0,
2019,NS,Annual,2,Urea ammonium nitrate,0,0,
2019,NS,Annual,3,Anhydrous ammonia,0,0,
2019,NS,Annual,4,Other,1269282.192,40568.24895,0.031961568
2019,ON,Annual,1,Urea,67092587.9,6678485.061,0.099541324
2019,ON,Annual,2,Urea ammonium nitrate,81900000,5031707.912,0.061437215
2019,ON,Annual,3,Anhydrous ammonia,10771818.18,582611.649,0.054086658
2019,ON,Annual,4,Other,44337562.16,1608737.349,0.036283848
2019,PE,Annual,1,Urea,308434.8965,27003.19924,0.087549105
2019,PE,Annual,2,Urea ammonium nitrate,0,0,
2019,PE,Annual,3,Anhydrous ammonia,0,0,
2019,PE,Annual,4,Other,15474037.01,494574.4845,0.031961568
2019,QC,Annual,1,Urea,35727487.63,3200122.833,0.089570329
2019,QC,Annual,2,Urea ammonium nitrate,29120000,1601415.137,0.054993652
2019,QC,Annual,3,Anhydrous ammonia,14618896.1,707759.5968,0.048414025
2019,QC,Annual,4,Other,30691959,1000049.811,0.032583447
2019,SK,Annual,1,Urea,550988010.7,34099032.62,0.061887068
2019,SK,Annual,2,Urea ammonium nitrate,142740000,6741649.668,0.047230277
2019,SK,Annual,3,Anhydrous ammonia,190240000,9886281.643,0.051967418
2019,SK,Annual,4,Other,206720000,8134496.748,0.039350313
2020,AB,Annual,1,Urea,483146404.3,28944320.74,0.059907971
2020,AB,Annual,2,Urea ammonium nitrate,28671553.2,1309134.665,0.045659705
2020,AB,Annual,3,Anhydrous ammonia,57323414.4,2879889.381,0.05023932
2020,AB,Annual,4,Other,126481721.3,4811589.574,0.038041778
2020,BC,Annual,1,Urea,15381789.09,890514.2553,0.057894062
2020,BC,Annual,2,Urea ammonium nitrate,0,0,
2020,BC,Annual,3,Anhydrous ammonia,550021.8604,26684.47849,0.048515305
2020,BC,Annual,4,Other,8816701.499,323992.3673,0.036747571
2020,MB,Annual,1,Urea,229261376.3,16295869.63,0.071079874
2020,MB,Annual,2,Urea ammonium nitrate,72540000,3943054.407,0.054356967
2020,MB,Annual,3,Anhydrous ammonia,91020000,5443806.787,0.059808908
2020,MB,Annual,4,Other,82500000,3736258.124,0.045287977
2020,NB,Annual,1,Urea,1377047.695,121685.5194,0.088366961
2020,NB,Annual,2,Urea ammonium nitrate,280424.2144,15262.46388,0.054426341
2020,NB,Annual,3,Anhydrous ammonia,1179219.773,56501.83061,0.047914589
2020,NB,Annual,4,Other,7127934.603,229898.8545,0.032253222
2020,NL,Annual,1,Urea,0,0,
2020,NL,Annual,2,Urea ammonium nitrate,0,0,
2020,NL,Annual,3,Anhydrous ammonia,0,0,
2020,NL,Annual,4,Other,0,0,
2020,NS,Annual,1,Urea,0,0,
2020,NS,Annual,2,Urea ammonium nitrate,71817.43206,3877.785656,0.053995048
2020,NS,Annual,3,Anhydrous ammonia,302001.5092,14355.6106,0.047534897
2020,NS,Annual,4,Other,1069643.049,34187.46893,0.031961568
2020,ON,Annual,1,Urea,77262632.78,7688457.719,0.099510688
2020,ON,Annual,2,Urea ammonium nitrate,112840000,6928582.577,0.061401831
2020,ON,Annual,3,Anhydrous ammonia,18040000,975161.3542,0.054055507
2020,ON,Annual,4,Other,65023354.81,2357736.043,0.036259834
2020,PE,Annual,1,Urea,2285477.156,200091.4802,0.087549105
2020,PE,Annual,2,Urea ammonium nitrate,427758.3535,23096.83262,0.053995048
2020,PE,Annual,3,Anhydrous ammonia,1798778.717,85504.76087,0.047534897
2020,PE,Annual,4,Other,13150827.33,420321.0607,0.031961568
2020,QC,Annual,1,Urea,33085676.94,2965328.354,0.089625742
2020,QC,Annual,2,Urea ammonium nitrate,44460000,2444828.661,0.054989399
2020,QC,Annual,3,Anhydrous ammonia,21320000,1032107.179,0.04841028
2020,QC,Annual,4,Other,31069947.74,1013106.758,0.032607289
2020,SK,Annual,1,Urea,565215563.2,34981268.31,0.061890136
2020,SK,Annual,2,Urea ammonium nitrate,146900000,6938289.582,0.047231379
2020,SK,Annual,3,Anhydrous ammonia,174660000,9076841.152,0.051968631
2020,SK,Annual,4,Other,204880000,8062280.372,0.039351232
2021,AB,Annual,1,Urea,514119377.4,30800208.47,0.059908671
2021,AB,Annual,2,Urea ammonium nitrate,23660000,1080336.755,0.045660894
2021,AB,Annual,3,Anhydrous ammonia,72160000,3625363.76,0.050240629
2021,AB,Annual,4,Other,99282031.75,3776963.37,0.038042769
2021,BC,Annual,1,Urea,8200092.826,474884.103,0.05791204
2021,BC,Annual,2,Urea ammonium nitrate,0,0,
2021,BC,Annual,3,Anhydrous ammonia,410000,19891.14813,0.048514995
2021,BC,Annual,4,Other,16937645.81,622875.2306,0.036774605
2021,MB,Annual,1,Urea,196677959.3,13977956.08,0.071070272
2021,MB,Annual,2,Urea ammonium nitrate,58760000,3194020.398,0.054357052
2021,MB,Annual,3,Anhydrous ammonia,121360000,7258420.412,0.059809001
2021,MB,Annual,4,Other,75968318.4,3440416.074,0.045287511
2021,NB,Annual,1,Urea,1200460.497,106072.1078,0.088359515
2021,NB,Annual,2,Urea ammonium nitrate,383571.0629,20877.24188,0.054428615
2021,NB,Annual,3,Anhydrous ammonia,302431.0303,14491.46408,0.047916591
2021,NB,Annual,4,Other,9883363.294,318757.8806,0.032251964
2021,NL,Annual,1,Urea,0,0,
2021,NL,Annual,2,Urea ammonium nitrate,0,0,
2021,NL,Annual,3,Anhydrous ammonia,0,0,
2021,NL,Annual,4,Other,0,0,
2021,NS,Annual,1,Urea,0,0,
2021,NS,Annual,2,Urea ammonium nitrate,90865.62525,4906.293752,0.053995048
2021,NS,Annual,3,Anhydrous ammonia,71644.05068,3405.592563,0.047534897
2021,NS,Annual,4,Other,1368638.349,43743.82754,0.031961568
2021,ON,Annual,1,Urea,67543641.99,6717004.494,0.099446881
2021,ON,Annual,2,Urea ammonium nitrate,110240000,6763468.928,0.061352222
2021,ON,Annual,3,Anhydrous ammonia,11480000,620055.853,0.054011834
2021,ON,Annual,4,Other,57351161.74,2077368.24,0.036221903
2021,PE,Annual,1,Urea,1747541.185,152995.6672,0.087549105
2021,PE,Annual,2,Urea ammonium nitrate,565563.3119,30537.61789,0.053995048
2021,PE,Annual,3,Anhydrous ammonia,445924.919,21196.99505,0.047534897
2021,PE,Annual,4,Other,17499834.02,559322.1332,0.031961568
2021,QC,Annual,1,Urea,31620158.35,2832938.603,0.089592803
2021,QC,Annual,2,Urea ammonium nitrate,30680000,1686753.507,0.054978928
2021,QC,Annual,3,Anhydrous ammonia,20500000,992221.7807,0.048401062
2021,QC,Annual,4,Other,32381584.39,1055278.442,0.032588845
2021,SK,Annual,1,Urea,655113132.4,40546132.92,0.061891803
2021,SK,Annual,2,Urea ammonium nitrate,146900000,6938477.034,0.047232655
2021,SK,Annual,3,Anhydrous ammonia,201720000,10483395.54,0.051970035
2021,SK,Annual,4,Other,192360000,7569807.459,0.039352295
2022,AB,Annual,1,Urea,480339605.7,28778490,0.059912798
2022,AB,Annual,2,Urea ammonium nitrate,19500000,890431.1229,0.045663135
2022,AB,Annual,3,Anhydrous ammonia,67240000,3378345.621,0.050243094
2022,AB,Annual,4,Other,90549029.48,3444904.804,0.038044635
2022,BC,Annual,1,Urea,5371569.909,311057.319,0.057908084
2022,BC,Annual,2,Urea ammonium nitrate,520000,22933.24751,0.044102399
2022,BC,Annual,3,Anhydrous ammonia,2460000,119373.5131,0.048525818
2022,BC,Annual,4,Other,12991554.79,477990.706,0.036792417
2022,MB,Annual,1,Urea,173749064.3,12347664.58,0.071066078
2022,MB,Annual,2,Urea ammonium nitrate,55900000,3038663.631,0.05435892
2022,MB,Annual,3,Anhydrous ammonia,137760000,8239571.133,0.059811056
2022,MB,Annual,4,Other,62773550.22,2842981.689,0.045289484
2022,NB,Annual,1,Urea,1336874.666,118146.2743,0.088374982
2022,NB,Annual,2,Urea ammonium nitrate,386361.5608,21029.10941,0.054428576
2022,NB,Annual,3,Anhydrous ammonia,2437049.845,116775.0359,0.047916556
2022,NB,Annual,4,Other,8760816.91,282621.0653,0.03225967
2022,NL,Annual,1,Urea,0,0,
2022,NL,Annual,2,Urea ammonium nitrate,0,0,
2022,NL,Annual,3,Anhydrous ammonia,0,0,
2022,NL,Annual,4,Other,0,0,
2022,NS,Annual,1,Urea,0,0,
2022,NS,Annual,2,Urea ammonium nitrate,93447.14782,5045.683186,0.053995048
2022,NS,Annual,3,Anhydrous ammonia,589435.8555,28018.77262,0.047534897
2022,NS,Annual,4,Other,1125210.931,35963.50557,0.031961568
2022,ON,Annual,1,Urea,72739161.64,7231257.442,0.099413538
2022,ON,Annual,2,Urea ammonium nitrate,104000000,6378146.32,0.06132833
2022,ON,Annual,3,Anhydrous ammonia,10302564.1,556243.6841,0.053990801
2022,ON,Annual,4,Other,57105799.37,2068262.676,0.036218085
2022,PE,Annual,1,Urea,1941064.57,169938.4664,0.087549105
2022,PE,Annual,2,Urea ammonium nitrate,560191.2913,30247.55539,0.053995048
2022,PE,Annual,3,Anhydrous ammonia,3533514.299,167965.2379,0.047534897
2022,PE,Annual,4,Other,15900814.35,508214.9574,0.031961568
2022,QC,Annual,1,Urea,35403326.84,3171514.858,0.089582396
2022,QC,Annual,2,Urea ammonium nitrate,37440000,2058234.822,0.054974221
2022,QC,Annual,3,Anhydrous ammonia,18397435.9,890379.205,0.048396918
2022,QC,Annual,4,Other,36737037.74,1197042.736,0.032584084
2022,SK,Annual,1,Urea,555090913,34357495.69,0.061895259
2022,SK,Annual,2,Urea ammonium nitrate,139100000,6569967.608,0.047231974
2022,SK,Annual,3,Anhydrous ammonia,181220000,9417874.039,0.051969286
2022,SK,Annual,4,Other,175153745.5,6892623.491,0.039351848
