EcoDistrict,Province,Acid_Soil,Poor_Soil,Percentage
9787,AB,-1,-1,0.15715883
9787,AB,-1,0,0.2348566
9787,AB,0,-1,0.10926616
9787,AB,0,0,0.49871841
9687,AB,-1,-1,0.35492186
9687,AB,-1,0,0.64169703
9687,AB,0,-1,0
9687,AB,0,0,0.00338111
9609,AB,-1,-1,0.67878893
9609,AB,-1,0,0.32121107
9609,AB,0,-1,0
9609,AB,0,0,0
9607,AB,-1,-1,1
9607,AB,-1,0,0
9607,AB,0,-1,0
9607,AB,0,0,0
9593,AB,-1,-1,0.18098064
9593,AB,-1,0,0.81901936
9593,AB,0,-1,0
9593,AB,0,0,0
1018,AB,-1,-1,0.28172262
1018,AB,-1,0,0.71827738
1018,AB,0,-1,0
1018,AB,0,0,0
1017,BC,-1,-1,0.71682803
1017,BC,-1,0,0.28317197
1017,BC,0,-1,0
1017,BC,0,0,0
1016,AB,-1,-1,0.05664336
1016,AB,-1,0,0.94335664
1016,AB,0,-1,0
1016,AB,0,0,0
1015,BC,-1,-1,0.530787
1015,BC,-1,0,0.28761607
1015,BC,0,-1,0.11389942
1015,BC,0,0,0.06769751
1013,BC,-1,-1,0.47239047
1013,BC,-1,0,0.48137586
1013,BC,0,-1,0
1013,BC,0,0,0.04623367
1012,BC,-1,-1,1
1012,BC,-1,0,0
1012,BC,0,-1,0
1012,BC,0,0,0
1011,BC,-1,-1,0.75671262
1011,BC,-1,0,0.02468168
1011,BC,0,-1,0.2186057
1011,BC,0,0,0
1010,BC,-1,-1,0.79923294
1010,BC,-1,0,0
1010,BC,0,-1,0
1010,BC,0,0,0.20076706
1009,BC,-1,-1,0.40012172
1009,BC,-1,0,0.28001328
1009,BC,0,-1,0.31986501
1009,BC,0,0,0
1008,BC,-1,-1,0.75768078
1008,BC,-1,0,0.164566
1008,BC,0,-1,0.07775322
1008,BC,0,0,0
1007,BC,-1,-1,0.52017083
1007,BC,-1,0,0.44150926
1007,BC,0,-1,0.01857023
1007,BC,0,0,0.01974968
1006,BC,-1,-1,0.84702347
1006,BC,-1,0,0.10482691
1006,BC,0,-1,0.04814961
1006,BC,0,0,0
1005,BC,-1,-1,0.94723217
1005,BC,-1,0,0.05276783
1005,BC,0,-1,0
1005,BC,0,0,0
1004,BC,-1,-1,0.71707623
1004,BC,-1,0,0.19842018
1004,BC,0,-1,0.08450358
1004,BC,0,0,0
1003,BC,-1,-1,1
1003,BC,-1,0,0
1003,BC,0,-1,0
1003,BC,0,0,0
1002,BC,-1,-1,0.67544379
1002,BC,-1,0,0.32455621
1002,BC,0,-1,0
1002,BC,0,0,0
1001,BC,-1,-1,0.92495326
1001,BC,-1,0,0.06563699
1001,BC,0,-1,0.00940975
1001,BC,0,0,0
995,BC,-1,-1,0.56626073
995,BC,-1,0,0.1366755
995,BC,0,-1,0.15995323
995,BC,0,0,0.13711054
992,BC,-1,-1,0.66667073
992,BC,-1,0,0.33332927
992,BC,0,-1,0
992,BC,0,0,0
991,BC,-1,-1,0.30207024
991,BC,-1,0,0.00246537
991,BC,0,-1,0.69546438
991,BC,0,0,0
990,BC,-1,-1,0.9319045
990,BC,-1,0,0.0680955
990,BC,0,-1,0
990,BC,0,0,0
988,BC,-1,-1,0.88485047
988,BC,-1,0,0.11514953
988,BC,0,-1,0
988,BC,0,0,0
987,BC,-1,-1,1
987,BC,-1,0,0
987,BC,0,-1,0
987,BC,0,0,0
982,BC,-1,-1,0.89693438
982,BC,-1,0,0.07229387
982,BC,0,-1,0
982,BC,0,0,0.03077175
981,BC,-1,-1,1
981,BC,-1,0,0
981,BC,0,-1,0
981,BC,0,0,0
980,BC,-1,-1,0.9
980,BC,-1,0,0.1
980,BC,0,-1,0
980,BC,0,0,0
979,BC,-1,-1,0.81959166
979,BC,-1,0,0.18040834
979,BC,0,-1,0
979,BC,0,0,0
978,BC,-1,-1,0.75391286
978,BC,-1,0,0.2355512
978,BC,0,-1,0
978,BC,0,0,0.01053595
977,BC,-1,-1,0.7681246
977,BC,-1,0,0.2318754
977,BC,0,-1,0
977,BC,0,0,0
976,BC,-1,-1,0.98017158
976,BC,-1,0,0.01982842
976,BC,0,-1,0
976,BC,0,0,0
975,BC,-1,-1,1
975,BC,-1,0,0
975,BC,0,-1,0
975,BC,0,0,0
974,BC,-1,-1,0.98320197
974,BC,-1,0,0.01679803
974,BC,0,-1,0
974,BC,0,0,0
972,BC,-1,-1,0.96335659
972,BC,-1,0,0.03664341
972,BC,0,-1,0
972,BC,0,0,0
971,BC,-1,-1,0.59723778
971,BC,-1,0,0.40276222
971,BC,0,-1,0
971,BC,0,0,0
969,BC,-1,-1,1
969,BC,-1,0,0
969,BC,0,-1,0
969,BC,0,0,0
962,BC,-1,-1,0
962,BC,-1,0,1
962,BC,0,-1,0
962,BC,0,0,0
960,BC,-1,-1,0
960,BC,-1,0,1
960,BC,0,-1,0
960,BC,0,0,0
959,BC,-1,-1,0.63307865
959,BC,-1,0,0.36692135
959,BC,0,-1,0
959,BC,0,0,0
958,BC,-1,-1,1
958,BC,-1,0,0
958,BC,0,-1,0
958,BC,0,0,0
957,BC,-1,-1,0.36381581
957,BC,-1,0,0.63618419
957,BC,0,-1,0
957,BC,0,0,0
956,BC,-1,-1,0.65322973
956,BC,-1,0,0.34677027
956,BC,0,-1,0
956,BC,0,0,0
955,BC,-1,-1,0.32766127
955,BC,-1,0,0.67233873
955,BC,0,-1,0
955,BC,0,0,0
950,BC,-1,-1,0.68404805
950,BC,-1,0,0.31595195
950,BC,0,-1,0
950,BC,0,0,0
948,BC,-1,-1,1
948,BC,-1,0,0
948,BC,0,-1,0
948,BC,0,0,0
944,BC,-1,-1,0.84871355
944,BC,-1,0,0.15128645
944,BC,0,-1,0
944,BC,0,0,0
943,BC,-1,-1,0
943,BC,-1,0,1
943,BC,0,-1,0
943,BC,0,0,0
940,BC,-1,-1,1
940,BC,-1,0,0
940,BC,0,-1,0
940,BC,0,0,0
855,MB,-1,-1,0
855,MB,-1,0,1
855,MB,0,-1,0
855,MB,0,0,0
854,MB,-1,-1,0.2129876
854,MB,-1,0,0.57494712
854,MB,0,-1,0.07099587
854,MB,0,0,0.14106941
853,MB,-1,-1,0
853,MB,-1,0,0.12085562
853,MB,0,-1,0
853,MB,0,0,0.87914438
852,MB,-1,-1,0.06474176
852,MB,-1,0,0.33230017
852,MB,0,-1,0.23946195
852,MB,0,0,0.36349612
851,MB,-1,-1,0
851,MB,-1,0,0.14049924
851,MB,0,-1,0.0977386
851,MB,0,0,0.76176216
850,MB,-1,-1,0.21489923
850,MB,-1,0,0.18141438
850,MB,0,-1,0.60105136
850,MB,0,0,0.00263504
849,MB,-1,-1,0
849,MB,-1,0,0.32476757
849,MB,0,-1,0.02698213
849,MB,0,0,0.6482503
848,MB,-1,-1,0
848,MB,-1,0,0
848,MB,0,-1,0.09502915
848,MB,0,0,0.90497085
847,MB,-1,-1,0
847,MB,-1,0,0.09340575
847,MB,0,-1,0
847,MB,0,0,0.90659425
846,MB,-1,-1,0
846,MB,-1,0,0
846,MB,0,-1,0
846,MB,0,0,1
844,MB,-1,-1,0
844,MB,-1,0,0.17607581
844,MB,0,-1,0.19514275
844,MB,0,0,0.62878144
843,MB,-1,-1,0.12386109
843,MB,-1,0,0
843,MB,0,-1,0.52647602
843,MB,0,0,0.34966289
841,MB,-1,-1,0.00649359
841,MB,-1,0,0
841,MB,0,-1,0.5243579
841,MB,0,0,0.46914851
840,MB,-1,-1,0.04472605
840,MB,-1,0,0.3755709
840,MB,0,-1,0.22492663
840,MB,0,0,0.35477642
839,MB,-1,-1,0.05680728
839,MB,-1,0,0.23842082
839,MB,0,-1,0
839,MB,0,0,0.7047719
838,AB,-1,-1,0.55055495
838,AB,-1,0,0.44944505
838,AB,0,-1,0
838,AB,0,0,0
838,SK,-1,-1,0.43983074
838,SK,-1,0,0.42555144
838,SK,0,-1,0.0356366
838,SK,0,0,0.09898123
837,AB,-1,-1,0.1
837,AB,-1,0,0.9
837,AB,0,-1,0
837,AB,0,0,0
837,SK,-1,-1,0.52663478
837,SK,-1,0,0.43207612
837,SK,0,-1,0.04128911
837,SK,0,0,0
836,AB,-1,-1,0
836,AB,-1,0,1
836,AB,0,-1,0
836,AB,0,0,0
835,SK,-1,-1,0.83870967
835,SK,-1,0,0.16129033
835,SK,0,-1,0
835,SK,0,0,0
834,SK,-1,-1,0.83142844
834,SK,-1,0,0.16857156
834,SK,0,-1,0
834,SK,0,0,0
833,AB,-1,-1,0.54810227
833,AB,-1,0,0.07426162
833,AB,0,-1,0.3776361
833,AB,0,0,0
833,SK,-1,-1,0.54055641
833,SK,-1,0,0.45944359
833,SK,0,-1,0
833,SK,0,0,0
832,SK,-1,-1,0.91988189
832,SK,-1,0,0.06812353
832,SK,0,-1,0.00628671
832,SK,0,0,0.00570786
831,SK,-1,-1,0.13025759
831,SK,-1,0,0.72915352
831,SK,0,-1,0.13091462
831,SK,0,0,0.00967427
830,SK,-1,-1,0.72401187
830,SK,-1,0,0.02520361
830,SK,0,-1,0.13669935
830,SK,0,0,0.11408516
829,AB,-1,-1,0.98762253
829,AB,-1,0,0.01237747
829,AB,0,-1,0
829,AB,0,0,0
828,AB,-1,-1,0.41639688
828,AB,-1,0,0.00166819
828,AB,0,-1,0.58193492
828,AB,0,0,0
827,SK,-1,-1,0.92858168
827,SK,-1,0,0.01182149
827,SK,0,-1,0.01324782
827,SK,0,0,0.04634901
826,SK,-1,-1,0.83486691
826,SK,-1,0,0.09973273
826,SK,0,-1,0.03289368
826,SK,0,0,0.03250667
825,SK,-1,-1,0.74074969
825,SK,-1,0,0.17465119
825,SK,0,-1,0.07096319
825,SK,0,0,0.01363592
824,SK,-1,-1,0.94548132
824,SK,-1,0,0.01154662
824,SK,0,-1,0.03728008
824,SK,0,0,0.00569199
823,AB,-1,-1,0.81251458
823,AB,-1,0,0
823,AB,0,-1,0.18748542
823,AB,0,0,0
822,SK,-1,-1,0.39583354
822,SK,-1,0,0.49683216
822,SK,0,-1,0.1073343
822,SK,0,0,0
821,AB,-1,-1,0.35875086
821,AB,-1,0,0.01486851
821,AB,0,-1,0.6189593
821,AB,0,0,0.00742133
821,SK,-1,-1,0.9877082
821,SK,-1,0,0
821,SK,0,-1,0.0122918
821,SK,0,0,0
820,SK,-1,-1,0.85449514
820,SK,-1,0,0
820,SK,0,-1,0.14125373
820,SK,0,0,0.00425113
819,SK,-1,-1,1
819,SK,-1,0,0
819,SK,0,-1,0
819,SK,0,0,0
818,AB,-1,-1,0.62056579
818,AB,-1,0,0.31811172
818,AB,0,-1,0.0613225
818,AB,0,0,0
817,SK,-1,-1,0.826464
817,SK,-1,0,0.03816682
817,SK,0,-1,0.13536918
817,SK,0,0,0
816,SK,-1,-1,0.78853116
816,SK,-1,0,0.07469742
816,SK,0,-1,0.10400653
816,SK,0,0,0.03276488
815,AB,-1,-1,0.99677921
815,AB,-1,0,0.00322079
815,AB,0,-1,0
815,AB,0,0,0
815,SK,-1,-1,0.97133081
815,SK,-1,0,0
815,SK,0,-1,0.02866919
815,SK,0,0,0
814,AB,-1,-1,0.36570137
814,AB,-1,0,0.26667394
814,AB,0,-1,0.36762469
814,AB,0,0,0
813,SK,-1,-1,0.67385821
813,SK,-1,0,0.22481209
813,SK,0,-1,0.01949727
813,SK,0,0,0.08183244
812,AB,-1,-1,0.72057979
812,AB,-1,0,0.24637374
812,AB,0,-1,0.00129394
812,AB,0,0,0.03175253
811,AB,-1,-1,0.14792534
811,AB,-1,0,0.30224664
811,AB,0,-1,0.05848764
811,AB,0,0,0.49134039
811,SK,-1,-1,0.20909114
811,SK,-1,0,0.72727257
811,SK,0,-1,0.06363629
811,SK,0,0,0
810,SK,-1,-1,0.91139743
810,SK,-1,0,0.0511382
810,SK,0,-1,0.03746437
810,SK,0,0,0
809,AB,-1,-1,0.15847252
809,AB,-1,0,0.31318238
809,AB,0,-1,0.51609262
809,AB,0,0,0.01225248
809,SK,-1,-1,0.74832194
809,SK,-1,0,0.11537301
809,SK,0,-1,0.05247909
809,SK,0,0,0.08382596
808,SK,-1,-1,0.18367125
808,SK,-1,0,0.18465367
808,SK,0,-1,0.02593502
808,SK,0,0,0.60574006
807,SK,-1,-1,0.77275601
807,SK,-1,0,0.10986033
807,SK,0,-1,0.11003664
807,SK,0,0,0.00734702
806,AB,-1,-1,0.77547621
806,AB,-1,0,0.22441629
806,AB,0,-1,0.0001075
806,AB,0,0,0
805,AB,-1,-1,0.75113405
805,AB,-1,0,0
805,AB,0,-1,0
805,AB,0,0,0.24886595
805,SK,-1,-1,0.62258334
805,SK,-1,0,0.22484486
805,SK,0,-1,0.04124007
805,SK,0,0,0.11133173
804,AB,-1,-1,0.75350464
804,AB,-1,0,0.24328342
804,AB,0,-1,0.00321194
804,AB,0,0,0
803,SK,-1,-1,0.64258747
803,SK,-1,0,0.17668735
803,SK,0,-1,0.03418572
803,SK,0,0,0.14653946
802,AB,-1,-1,0
802,AB,-1,0,1
802,AB,0,-1,0
802,AB,0,0,0
801,AB,-1,-1,0
801,AB,-1,0,1
801,AB,0,-1,0
801,AB,0,0,0
800,AB,-1,-1,0
800,AB,-1,0,0.80736551
800,AB,0,-1,0.01610771
800,AB,0,0,0.17652677
799,AB,-1,-1,0
799,AB,-1,0,1
799,AB,0,-1,0
799,AB,0,0,0
798,AB,-1,-1,0.02122062
798,AB,-1,0,0.59814717
798,AB,0,-1,0.01349274
798,AB,0,0,0.36713947
797,AB,-1,-1,0.16064572
797,AB,-1,0,0.80131085
797,AB,0,-1,0.03804343
797,AB,0,0,0
796,SK,-1,-1,0.92367297
796,SK,-1,0,0.02843549
796,SK,0,-1,0.04789153
796,SK,0,0,0
795,SK,-1,-1,0.94196609
795,SK,-1,0,0.05803391
795,SK,0,-1,0
795,SK,0,0,0
794,SK,-1,-1,0.74654878
794,SK,-1,0,0.15975785
794,SK,0,-1,0.09369336
794,SK,0,0,0
793,AB,-1,-1,0.68384857
793,AB,-1,0,0.18273492
793,AB,0,-1,0.07284568
793,AB,0,0,0.06057084
792,SK,-1,-1,0.10355617
792,SK,-1,0,0.11550755
792,SK,0,-1,0.01253098
792,SK,0,0,0.7684053
791,AB,-1,-1,0.5410057
791,AB,-1,0,0.01896308
791,AB,0,-1,0.05946534
791,AB,0,0,0.38056588
790,AB,-1,-1,0.71152832
790,AB,-1,0,0.00219954
790,AB,0,-1,0.28627214
790,AB,0,0,0
789,SK,-1,-1,0.78916116
789,SK,-1,0,0.19268204
789,SK,0,-1,0.0181568
789,SK,0,0,0
788,AB,-1,-1,0.61853072
788,AB,-1,0,0.22537592
788,AB,0,-1,0
788,AB,0,0,0.15609337
787,AB,-1,-1,0.26591715
787,AB,-1,0,0.09556566
787,AB,0,-1,0.01734041
787,AB,0,0,0.62117678
786,AB,-1,-1,0.12429497
786,AB,-1,0,0.77433237
786,AB,0,-1,0.05127609
786,AB,0,0,0.05009658
785,SK,-1,-1,0.76975556
785,SK,-1,0,0.02885355
785,SK,0,-1,0.08717164
785,SK,0,0,0.11421924
784,SK,-1,-1,0.64387352
784,SK,-1,0,0.32994342
784,SK,0,-1,0.02618306
784,SK,0,0,0
783,SK,-1,-1,0.93037366
783,SK,-1,0,0.0016124
783,SK,0,-1,0.06801394
783,SK,0,0,0
782,SK,-1,-1,0.84820599
782,SK,-1,0,0.08862577
782,SK,0,-1,0.06316823
782,SK,0,0,0
781,AB,-1,-1,0.26937248
781,AB,-1,0,0.72880451
781,AB,0,-1,0.00182302
781,AB,0,0,0
780,SK,-1,-1,0.07027531
780,SK,-1,0,0.36243181
780,SK,0,-1,0.01608329
780,SK,0,0,0.55120959
779,AB,-1,-1,0.18817167
779,AB,-1,0,0.81182833
779,AB,0,-1,0
779,AB,0,0,0
778,SK,-1,-1,1
778,SK,-1,0,0
778,SK,0,-1,0
778,SK,0,0,0
777,AB,-1,-1,0.88040504
777,AB,-1,0,0.11959496
777,AB,0,-1,0
777,AB,0,0,0
776,SK,-1,-1,0.95265911
776,SK,-1,0,0
776,SK,0,-1,0.04734089
776,SK,0,0,0
775,SK,-1,-1,0.7624135
775,SK,-1,0,0.22907037
775,SK,0,-1,0.00851613
775,SK,0,0,0
774,SK,-1,-1,0.84585607
774,SK,-1,0,0.07586109
774,SK,0,-1,0.03535464
774,SK,0,0,0.0429282
773,SK,-1,-1,0.6506642
773,SK,-1,0,0.23488782
773,SK,0,-1,0.00626688
773,SK,0,0,0.10818109
772,SK,-1,-1,0.92122578
772,SK,-1,0,0.07877422
772,SK,0,-1,0
772,SK,0,0,0
771,AB,-1,-1,0.22483635
771,AB,-1,0,0.40796231
771,AB,0,-1,0.36720134
771,AB,0,0,0
771,SK,-1,-1,0.89139663
771,SK,-1,0,0.10860337
771,SK,0,-1,0
771,SK,0,0,0
770,SK,-1,-1,0.66232569
770,SK,-1,0,0.33517937
770,SK,0,-1,0.00249494
770,SK,0,0,0
769,AB,-1,-1,0.86881443
769,AB,-1,0,0.13118557
769,AB,0,-1,0
769,AB,0,0,0
768,SK,-1,-1,1
768,SK,-1,0,0
768,SK,0,-1,0
768,SK,0,0,0
767,SK,-1,-1,0.72259301
767,SK,-1,0,0.22516232
767,SK,0,-1,0.00506944
767,SK,0,0,0.04717524
766,MB,-1,-1,0.01107555
766,MB,-1,0,0.48206337
766,MB,0,-1,0.00597983
766,MB,0,0,0.50088125
765,MB,-1,-1,0.00326037
765,MB,-1,0,0.64601205
765,MB,0,-1,0.06572149
765,MB,0,0,0.28500609
764,MB,-1,-1,0.12030373
764,MB,-1,0,0.18504511
764,MB,0,-1,0.03192107
764,MB,0,0,0.66273009
763,MB,-1,-1,0.12496935
763,MB,-1,0,0.13493467
763,MB,0,-1,0.6609007
763,MB,0,0,0.07919529
763,SK,-1,-1,1
763,SK,-1,0,0
763,SK,0,-1,0
763,SK,0,0,0
762,SK,-1,-1,0.90387735
762,SK,-1,0,0.05122464
762,SK,0,-1,0.04489801
762,SK,0,0,0
761,SK,-1,-1,0.61078992
761,SK,-1,0,0.15848334
761,SK,0,-1,0
761,SK,0,0,0.23072674
760,MB,-1,-1,0
760,MB,-1,0,0.74672489
760,MB,0,-1,0
760,MB,0,0,0.25327511
760,SK,-1,-1,0.78693832
760,SK,-1,0,0.04277671
760,SK,0,-1,0.15587908
760,SK,0,0,0.0144059
759,MB,-1,-1,0.26966292
759,MB,-1,0,0.73033708
759,MB,0,-1,0
759,MB,0,0,0
758,MB,-1,-1,0.21754142
758,MB,-1,0,0.35544262
758,MB,0,-1,0.07056855
758,MB,0,0,0.35644742
757,MB,-1,-1,0.71365029
757,MB,-1,0,0.11280995
757,MB,0,-1,0.02143681
757,MB,0,0,0.15210295
756,SK,-1,-1,0.93108678
756,SK,-1,0,0
756,SK,0,-1,0
756,SK,0,0,0.06891322
755,SK,-1,-1,0.99149309
755,SK,-1,0,0
755,SK,0,-1,0.00850691
755,SK,0,0,0
754,SK,-1,-1,0.18358586
754,SK,-1,0,0.41481295
754,SK,0,-1,0.0172924
754,SK,0,0,0.38430879
753,MB,-1,-1,0.11313489
753,MB,-1,0,0.75890396
753,MB,0,-1,0.01472051
753,MB,0,0,0.11324065
752,MB,-1,-1,0
752,MB,-1,0,0.74970519
752,MB,0,-1,0
752,MB,0,0,0.25029481
752,SK,-1,-1,0.8775497
752,SK,-1,0,0.00414644
752,SK,0,-1,0.06002349
752,SK,0,0,0.05828038
751,MB,-1,-1,0.20288961
751,MB,-1,0,0.60601353
751,MB,0,-1,0
751,MB,0,0,0.19109686
751,SK,-1,-1,0.86914456
751,SK,-1,0,0
751,SK,0,-1,0
751,SK,0,0,0.13085544
750,AB,-1,-1,0.06187087
750,AB,-1,0,0.93812913
750,AB,0,-1,0
750,AB,0,0,0
749,SK,-1,-1,0.49840609
749,SK,-1,0,0.09167985
749,SK,0,-1,0.01892704
749,SK,0,0,0.39098702
748,SK,-1,-1,0.89229617
748,SK,-1,0,0.0012018
748,SK,0,-1,0.05131592
748,SK,0,0,0.05518611
747,SK,-1,-1,0.94002232
747,SK,-1,0,0
747,SK,0,-1,0.05997768
747,SK,0,0,0
746,AB,-1,-1,0
746,AB,-1,0,1
746,AB,0,-1,0
746,AB,0,0,0
745,SK,-1,-1,0.50893188
745,SK,-1,0,0.07264511
745,SK,0,-1,0.04975022
745,SK,0,0,0.3686728
744,AB,-1,-1,0.04265039
744,AB,-1,0,0.95734961
744,AB,0,-1,0
744,AB,0,0,0
743,AB,-1,-1,0.45279077
743,AB,-1,0,0.54720923
743,AB,0,-1,0
743,AB,0,0,0
743,SK,-1,-1,0.69463083
743,SK,-1,0,0.17998823
743,SK,0,-1,0.02880192
743,SK,0,0,0.09657901
742,SK,-1,-1,1
742,SK,-1,0,0
742,SK,0,-1,0
742,SK,0,0,0
741,SK,-1,-1,0.39394617
741,SK,-1,0,0.47512854
741,SK,0,-1,0.03502978
741,SK,0,0,0.09589551
740,AB,-1,-1,0.13061832
740,AB,-1,0,0.8646608
740,AB,0,-1,0.00472088
740,AB,0,0,0
739,AB,-1,-1,0.66754315
739,AB,-1,0,0.11573435
739,AB,0,-1,0.2167225
739,AB,0,0,0
739,SK,-1,-1,0.97928367
739,SK,-1,0,0
739,SK,0,-1,0.02071633
739,SK,0,0,0
738,AB,-1,-1,0.43804077
738,AB,-1,0,0.56195923
738,AB,0,-1,0
738,AB,0,0,0
737,AB,-1,-1,0.03915678
737,AB,-1,0,0.96084322
737,AB,0,-1,0
737,AB,0,0,0
736,SK,-1,-1,0.61855628
736,SK,-1,0,0.35153413
736,SK,0,-1,0.01680603
736,SK,0,0,0.01310356
735,SK,-1,-1,0.56004679
735,SK,-1,0,0.37999108
735,SK,0,-1,0.05996213
735,SK,0,0,0
734,SK,-1,-1,0.91717071
734,SK,-1,0,0.01425298
734,SK,0,-1,0.06857631
734,SK,0,0,0
733,SK,-1,-1,0.77810923
733,SK,-1,0,0.1656759
733,SK,0,-1,0.00285346
733,SK,0,0,0.05336141
732,AB,-1,-1,0.65
732,AB,-1,0,0.35
732,AB,0,-1,0
732,AB,0,0,0
731,AB,-1,-1,0.55046683
731,AB,-1,0,0.44953317
731,AB,0,-1,0
731,AB,0,0,0
730,AB,-1,-1,0.12089105
730,AB,-1,0,0.87910895
730,AB,0,-1,0
730,AB,0,0,0
729,AB,-1,-1,0.24898156
729,AB,-1,0,0.75101844
729,AB,0,-1,0
729,AB,0,0,0
729,SK,-1,-1,0.51686943
729,SK,-1,0,0.47530704
729,SK,0,-1,0.00782353
729,SK,0,0,0
728,AB,-1,-1,0.23926674
728,AB,-1,0,0.76073326
728,AB,0,-1,0
728,AB,0,0,0
727,AB,-1,-1,0.15769244
727,AB,-1,0,0.84230756
727,AB,0,-1,0
727,AB,0,0,0
726,MB,-1,-1,0.88695044
726,MB,-1,0,0.01464482
726,MB,0,-1,0.06336116
726,MB,0,0,0.03504359
724,MB,-1,-1,0.02197325
724,MB,-1,0,0.52292371
724,MB,0,-1,0.09113175
724,MB,0,0,0.36397129
723,MB,-1,-1,0.18184408
723,MB,-1,0,0.10654159
723,MB,0,-1,0.00250121
723,MB,0,0,0.70911312
720,MB,-1,-1,0
720,MB,-1,0,1
720,MB,0,-1,0
720,MB,0,0,0
718,MB,-1,-1,0.33138418
718,MB,-1,0,0
718,MB,0,-1,0
718,MB,0,0,0.66861582
717,MB,-1,-1,0.08503449
717,MB,-1,0,0.07133383
717,MB,0,-1,0.02059402
717,MB,0,0,0.82303765
717,SK,-1,-1,0.52940422
717,SK,-1,0,0.47059578
717,SK,0,-1,0
717,SK,0,0,0
716,MB,-1,-1,0.3589339
716,MB,-1,0,0.40398237
716,MB,0,-1,0
716,MB,0,0,0.23708374
715,MB,-1,-1,0.31347122
715,MB,-1,0,0.63176568
715,MB,0,-1,0.05476311
715,MB,0,0,0
715,SK,-1,-1,0.85679548
715,SK,-1,0,0.14320452
715,SK,0,-1,0
715,SK,0,0,0
714,MB,-1,-1,0
714,MB,-1,0,0
714,MB,0,-1,0
714,MB,0,0,1
714,SK,-1,-1,0.87966154
714,SK,-1,0,0.11381055
714,SK,0,-1,0
714,SK,0,0,0.00652791
711,SK,-1,-1,1
711,SK,-1,0,0
711,SK,0,-1,0
711,SK,0,0,0
710,SK,-1,-1,1
710,SK,-1,0,0
710,SK,0,-1,0
710,SK,0,0,0
709,MB,-1,-1,0.00995286
709,MB,-1,0,0.83401755
709,MB,0,-1,0.01561206
709,MB,0,0,0.14041752
709,SK,-1,-1,0.46880943
709,SK,-1,0,0.26494466
709,SK,0,-1,0.00239361
709,SK,0,0,0.2638523
708,AB,-1,-1,0.7883011
708,AB,-1,0,0.2116989
708,AB,0,-1,0
708,AB,0,0,0
707,SK,-1,-1,0.85325359
707,SK,-1,0,0.04191222
707,SK,0,-1,0.00609997
707,SK,0,0,0.09873423
706,SK,-1,-1,0.93691659
706,SK,-1,0,0.05889495
706,SK,0,-1,0
706,SK,0,0,0.00418846
705,SK,-1,-1,0.18909085
705,SK,-1,0,0.81090915
705,SK,0,-1,0
705,SK,0,0,0
704,SK,-1,-1,0.17351002
704,SK,-1,0,0.31538534
704,SK,0,-1,0.01258652
704,SK,0,0,0.49851812
703,AB,-1,-1,0.83924955
703,AB,-1,0,0.16075045
703,AB,0,-1,0
703,AB,0,0,0
702,SK,-1,-1,0.30221154
702,SK,-1,0,0.69764551
702,SK,0,-1,0.00014295
702,SK,0,0,0
701,SK,-1,-1,1
701,SK,-1,0,0
701,SK,0,-1,0
701,SK,0,0,0
700,SK,-1,-1,0.73526079
700,SK,-1,0,0.26473921
700,SK,0,-1,0
700,SK,0,0,0
699,SK,-1,-1,1
699,SK,-1,0,0
699,SK,0,-1,0
699,SK,0,0,0
698,SK,-1,-1,0.79899359
698,SK,-1,0,0.03358096
698,SK,0,-1,0.16742545
698,SK,0,0,0
697,SK,-1,-1,0.20996943
697,SK,-1,0,0.18337956
697,SK,0,-1,0
697,SK,0,0,0.60665101
696,SK,-1,-1,0.86250149
696,SK,-1,0,0.12065116
696,SK,0,-1,0.00774694
696,SK,0,0,0.00910041
695,SK,-1,-1,0.96280235
695,SK,-1,0,0.00371408
695,SK,0,-1,0.03348356
695,SK,0,0,0
694,SK,-1,-1,0.32865908
694,SK,-1,0,0.27714389
694,SK,0,-1,0.24783794
694,SK,0,0,0.14635909
693,SK,-1,-1,0.81365235
693,SK,-1,0,0.09274526
693,SK,0,-1,0.02222445
693,SK,0,0,0.07137793
692,AB,-1,-1,0.63668191
692,AB,-1,0,0.36303554
692,AB,0,-1,0
692,AB,0,0,0.00028255
691,SK,-1,-1,0.4577195
691,SK,-1,0,0.00001842
691,SK,0,-1,0.54226209
691,SK,0,0,0
690,SK,-1,-1,0.76184029
690,SK,-1,0,0.19222748
690,SK,0,-1,0
690,SK,0,0,0.04593223
689,SK,-1,-1,0.95579734
689,SK,-1,0,0
689,SK,0,-1,0.04420266
689,SK,0,0,0
688,AB,-1,-1,0.51334364
688,AB,-1,0,0.48216181
688,AB,0,-1,0
688,AB,0,0,0.00449455
687,AB,-1,-1,0.47119602
687,AB,-1,0,0.50044376
687,AB,0,-1,0
687,AB,0,0,0.02836021
687,SK,-1,-1,0.94553299
687,SK,-1,0,0.04896334
687,SK,0,-1,0.00550368
687,SK,0,0,0
686,AB,-1,-1,0.85670343
686,AB,-1,0,0.14329657
686,AB,0,-1,0
686,AB,0,0,0
686,SK,-1,-1,1
686,SK,-1,0,0
686,SK,0,-1,0
686,SK,0,0,0
685,SK,-1,-1,0.76337239
685,SK,-1,0,0.23662761
685,SK,0,-1,0
685,SK,0,0,0
684,AB,-1,-1,0.54421655
684,AB,-1,0,0.45175389
684,AB,0,-1,0
684,AB,0,0,0.00402956
683,AB,-1,-1,0.7289081
683,AB,-1,0,0.2710919
683,AB,0,-1,0
683,AB,0,0,0
682,SK,-1,-1,1
682,SK,-1,0,0
682,SK,0,-1,0
682,SK,0,0,0
681,AB,-1,-1,0.29831456
681,AB,-1,0,0.70168544
681,AB,0,-1,0
681,AB,0,0,0
680,AB,-1,-1,0.34347014
680,AB,-1,0,0.65652986
680,AB,0,-1,0
680,AB,0,0,0
680,SK,-1,-1,0.98440675
680,SK,-1,0,0.00718235
680,SK,0,-1,0.00841091
680,SK,0,0,0
679,AB,-1,-1,1
679,AB,-1,0,0
679,AB,0,-1,0
679,AB,0,0,0
678,AB,-1,-1,0.6439755
678,AB,-1,0,0.3560245
678,AB,0,-1,0
678,AB,0,0,0
677,MB,-1,-1,0
677,MB,-1,0,1
677,MB,0,-1,0
677,MB,0,0,0
672,SK,-1,-1,0.13455096
672,SK,-1,0,0.02326383
672,SK,0,-1,0.50200292
672,SK,0,0,0.34018228
669,MB,-1,-1,0.16723549
669,MB,-1,0,0.33276451
669,MB,0,-1,0.16723549
669,MB,0,0,0.33276451
669,SK,-1,-1,0
669,SK,-1,0,0
669,SK,0,-1,0
669,SK,0,0,1
667,MB,-1,-1,0
667,MB,-1,0,1
667,MB,0,-1,0
667,MB,0,0,0
662,SK,-1,-1,1
662,SK,-1,0,0
662,SK,0,-1,0
662,SK,0,0,0
661,SK,-1,-1,1
661,SK,-1,0,0
661,SK,0,-1,0
661,SK,0,0,0
660,SK,-1,-1,1
660,SK,-1,0,0
660,SK,0,-1,0
660,SK,0,0,0
658,SK,-1,-1,1
658,SK,-1,0,0
658,SK,0,-1,0
658,SK,0,0,0
657,SK,-1,-1,1
657,SK,-1,0,0
657,SK,0,-1,0
657,SK,0,0,0
652,SK,-1,-1,1
652,SK,-1,0,0
652,SK,0,-1,0
652,SK,0,0,0
650,AB,-1,-1,1
650,AB,-1,0,0
650,AB,0,-1,0
650,AB,0,0,0
647,SK,-1,-1,1
647,SK,-1,0,0
647,SK,0,-1,0
647,SK,0,0,0
631,AB,-1,-1,0.45079979
631,AB,-1,0,0.54920021
631,AB,0,-1,0
631,AB,0,0,0
630,AB,-1,-1,0.99088104
630,AB,-1,0,0.00911896
630,AB,0,-1,0
630,AB,0,0,0
629,AB,-1,-1,0.8791694
629,AB,-1,0,0.1208306
629,AB,0,-1,0
629,AB,0,0,0
626,AB,-1,-1,1
626,AB,-1,0,0
626,AB,0,-1,0
626,AB,0,0,0
625,AB,-1,-1,1
625,AB,-1,0,0
625,AB,0,-1,0
625,AB,0,0,0
623,AB,-1,-1,0.79705097
623,AB,-1,0,0.20294903
623,AB,0,-1,0
623,AB,0,0,0
622,AB,-1,-1,0.96525409
622,AB,-1,0,0.03474591
622,AB,0,-1,0
622,AB,0,0,0
619,AB,-1,-1,1
619,AB,-1,0,0
619,AB,0,-1,0
619,AB,0,0,0
618,AB,-1,-1,1
618,AB,-1,0,0
618,AB,0,-1,0
618,AB,0,0,0
618,BC,-1,-1,0.88475433
618,BC,-1,0,0.11334147
618,BC,0,-1,0.0019042
618,BC,0,0,0
617,AB,-1,-1,0.82685431
617,AB,-1,0,0.17314569
617,AB,0,-1,0
617,AB,0,0,0
616,AB,-1,-1,0.84116861
616,AB,-1,0,0.15883139
616,AB,0,-1,0
616,AB,0,0,0
615,AB,-1,-1,0.98308955
615,AB,-1,0,0.01691045
615,AB,0,-1,0
615,AB,0,0,0
612,AB,-1,-1,0.79627796
612,AB,-1,0,0.20372204
612,AB,0,-1,0
612,AB,0,0,0
611,AB,-1,-1,1
611,AB,-1,0,0
611,AB,0,-1,0
611,AB,0,0,0
610,AB,-1,-1,0.72110012
610,AB,-1,0,0.27889988
610,AB,0,-1,0
610,AB,0,0,0
610,BC,-1,-1,1
610,BC,-1,0,0
610,BC,0,-1,0
610,BC,0,0,0
609,AB,-1,-1,0
609,AB,-1,0,1
609,AB,0,-1,0
609,AB,0,0,0
600,AB,-1,-1,0.98349088
600,AB,-1,0,0.01650912
600,AB,0,-1,0
600,AB,0,0,0
599,AB,-1,-1,0.05608698
599,AB,-1,0,0.94391302
599,AB,0,-1,0
599,AB,0,0,0
598,AB,-1,-1,0.32141445
598,AB,-1,0,0.67858555
598,AB,0,-1,0
598,AB,0,0,0
597,AB,-1,-1,0.77226321
597,AB,-1,0,0.22773679
597,AB,0,-1,0
597,AB,0,0,0
596,AB,-1,-1,0.84545813
596,AB,-1,0,0.15454187
596,AB,0,-1,0
596,AB,0,0,0
595,AB,-1,-1,0.36988947
595,AB,-1,0,0.63011053
595,AB,0,-1,0
595,AB,0,0,0
594,AB,-1,-1,0.7543618
594,AB,-1,0,0.2456382
594,AB,0,-1,0
594,AB,0,0,0
593,AB,-1,-1,0.35297054
593,AB,-1,0,0.64702946
593,AB,0,-1,0
593,AB,0,0,0
592,AB,-1,-1,0.56160297
592,AB,-1,0,0.43839703
592,AB,0,-1,0
592,AB,0,0,0
591,AB,-1,-1,0.47356048
591,AB,-1,0,0.52643952
591,AB,0,-1,0
591,AB,0,0,0
591,BC,-1,-1,0.48491609
591,BC,-1,0,0.4948436
591,BC,0,-1,0.01738964
591,BC,0,0,0.00285067
590,AB,-1,-1,0.65314754
590,AB,-1,0,0.34685246
590,AB,0,-1,0
590,AB,0,0,0
589,AB,-1,-1,1
589,AB,-1,0,0
589,AB,0,-1,0
589,AB,0,0,0
588,AB,-1,-1,0.49526264
588,AB,-1,0,0.50473736
588,AB,0,-1,0
588,AB,0,0,0
587,AB,-1,-1,0.74496611
587,AB,-1,0,0.25503389
587,AB,0,-1,0
587,AB,0,0,0
586,AB,-1,-1,0.7043854
586,AB,-1,0,0.2956146
586,AB,0,-1,0
586,AB,0,0,0
585,BC,-1,-1,0.60149066
585,BC,-1,0,0.39616659
585,BC,0,-1,0.00234274
585,BC,0,0,0
584,AB,-1,-1,1
584,AB,-1,0,0
584,AB,0,-1,0
584,AB,0,0,0
583,AB,-1,-1,0.70909547
583,AB,-1,0,0.29090453
583,AB,0,-1,0
583,AB,0,0,0
583,BC,-1,-1,0.46924028
583,BC,-1,0,0.53075972
583,BC,0,-1,0
583,BC,0,0,0
581,BC,-1,-1,0.21496838
581,BC,-1,0,0.75950204
581,BC,0,-1,0.02552958
581,BC,0,0,0
572,ON,-1,-1,0.23882809
572,ON,-1,0,0.43965451
572,ON,0,-1,0.05153048
572,ON,0,0,0.26998693
571,ON,-1,-1,0.56322457
571,ON,-1,0,0.33971427
571,ON,0,-1,0.09706116
571,ON,0,0,0
570,ON,-1,-1,0.07618511
570,ON,-1,0,0.88939794
570,ON,0,-1,0.03441695
570,ON,0,0,0
569,ON,-1,-1,0.06167551
569,ON,-1,0,0.92578306
569,ON,0,-1,0.00205648
569,ON,0,0,0.01048495
568,ON,-1,-1,0.49279498
568,ON,-1,0,0.08632826
568,ON,0,-1,0.42087676
568,ON,0,0,0
567,ON,-1,-1,0.02637031
567,ON,-1,0,0.39043707
567,ON,0,-1,0.11523813
567,ON,0,0,0.4679545
566,ON,-1,-1,0.02245935
566,ON,-1,0,0.95183605
566,ON,0,-1,0
566,ON,0,0,0.0257046
565,ON,-1,-1,0.15510879
565,ON,-1,0,0.59669935
565,ON,0,-1,0.00928655
565,ON,0,0,0.23890531
564,ON,-1,-1,0.07084066
564,ON,-1,0,0.70971625
564,ON,0,-1,0.20360344
564,ON,0,0,0.01583964
563,ON,-1,-1,0
563,ON,-1,0,1
563,ON,0,-1,0
563,ON,0,0,0
562,ON,-1,-1,0
562,ON,-1,0,1
562,ON,0,-1,0
562,ON,0,0,0
561,ON,-1,-1,0.03112757
561,ON,-1,0,0.9564214
561,ON,0,-1,0
561,ON,0,0,0.01245102
560,ON,-1,-1,0.10580428
560,ON,-1,0,0.40487027
560,ON,0,-1,0.463047
560,ON,0,0,0.02627845
559,ON,-1,-1,0
559,ON,-1,0,1
559,ON,0,-1,0
559,ON,0,0,0
558,ON,-1,-1,0.5394617
558,ON,-1,0,0.28789009
558,ON,0,-1,0.00692459
558,ON,0,0,0.16572362
557,ON,-1,-1,0.04603583
557,ON,-1,0,0.71152895
557,ON,0,-1,0.0385963
557,ON,0,0,0.20383892
556,ON,-1,-1,0.30834634
556,ON,-1,0,0.49799666
556,ON,0,-1,0.04871251
556,ON,0,0,0.14494449
555,ON,-1,-1,0.32770938
555,ON,-1,0,0.46186451
555,ON,0,-1,0
555,ON,0,0,0.2104261
554,ON,-1,-1,0.77778111
554,ON,-1,0,0.19596187
554,ON,0,-1,0
554,ON,0,0,0.02625702
553,ON,-1,-1,0.34582096
553,ON,-1,0,0.45544655
553,ON,0,-1,0.04846339
553,ON,0,0,0.1502691
552,ON,-1,-1,0.76243271
552,ON,-1,0,0.18526201
552,ON,0,-1,0
552,ON,0,0,0.05230527
551,ON,-1,-1,0.31558942
551,ON,-1,0,0.6019842
551,ON,0,-1,0.00462891
551,ON,0,0,0.07779747
550,ON,-1,-1,0.09055739
550,ON,-1,0,0.84846966
550,ON,0,-1,0.00831136
550,ON,0,0,0.05266159
549,ON,-1,-1,0
549,ON,-1,0,0.9800518
549,ON,0,-1,0
549,ON,0,0,0.0199482
548,QC,-1,-1,1
548,QC,-1,0,0
548,QC,0,-1,0
548,QC,0,0,0
547,ON,-1,-1,0.09596002
547,ON,-1,0,0.46245679
547,ON,0,-1,0.00216515
547,ON,0,0,0.43941803
546,ON,-1,-1,0
546,ON,-1,0,0.47205317
546,ON,0,-1,0.22209109
546,ON,0,0,0.30585574
546,QC,-1,-1,0
546,QC,-1,0,1
546,QC,0,-1,0
546,QC,0,0,0
545,ON,-1,-1,0.06516675
545,ON,-1,0,0.75761206
545,ON,0,-1,0
545,ON,0,0,0.17722118
544,ON,-1,-1,0.01627843
544,ON,-1,0,0.64464274
544,ON,0,-1,0.06500128
544,ON,0,0,0.27407755
543,ON,-1,-1,0.00525842
543,ON,-1,0,0.99058032
543,ON,0,-1,0
543,ON,0,0,0.00416126
543,QC,-1,-1,0
543,QC,-1,0,1
543,QC,0,-1,0
543,QC,0,0,0
542,ON,-1,-1,0.02370511
542,ON,-1,0,0.97629489
542,ON,0,-1,0
542,ON,0,0,0
541,ON,-1,-1,0
541,ON,-1,0,0.85379138
541,ON,0,-1,0
541,ON,0,0,0.14620862
541,QC,-1,-1,0.3513391
541,QC,-1,0,0.63802749
541,QC,0,-1,0
541,QC,0,0,0.0106334
540,QC,-1,-1,0.700211
540,QC,-1,0,0.299789
540,QC,0,-1,0
540,QC,0,0,0
539,QC,-1,-1,0.40714777
539,QC,-1,0,0.59285223
539,QC,0,-1,0
539,QC,0,0,0
538,PE,-1,-1,1
538,PE,-1,0,0
538,PE,0,-1,0
538,PE,0,0,0
537,PE,-1,-1,1
537,PE,-1,0,0
537,PE,0,-1,0
537,PE,0,0,0
536,PE,-1,-1,1
536,PE,-1,0,0
536,PE,0,-1,0
536,PE,0,0,0
535,PE,-1,-1,1
535,PE,-1,0,0
535,PE,0,-1,0
535,PE,0,0,0
534,PE,-1,-1,1
534,PE,-1,0,0
534,PE,0,-1,0
534,PE,0,0,0
531,NS,-1,-1,1
531,NS,-1,0,0
531,NS,0,-1,0
531,NS,0,0,0
530,NS,-1,-1,1
530,NS,-1,0,0
530,NS,0,-1,0
530,NS,0,0,0
529,NS,-1,-1,1
529,NS,-1,0,0
529,NS,0,-1,0
529,NS,0,0,0
528,NS,-1,-1,1
528,NS,-1,0,0
528,NS,0,-1,0
528,NS,0,0,0
527,NS,-1,-1,1
527,NS,-1,0,0
527,NS,0,-1,0
527,NS,0,0,0
525,NS,-1,-1,1
525,NS,-1,0,0
525,NS,0,-1,0
525,NS,0,0,0
524,NS,-1,-1,1
524,NS,-1,0,0
524,NS,0,-1,0
524,NS,0,0,0
523,NS,-1,-1,1
523,NS,-1,0,0
523,NS,0,-1,0
523,NS,0,0,0
522,NS,-1,-1,1
522,NS,-1,0,0
522,NS,0,-1,0
522,NS,0,0,0
521,NS,-1,-1,1
521,NS,-1,0,0
521,NS,0,-1,0
521,NS,0,0,0
520,NS,-1,-1,1
520,NS,-1,0,0
520,NS,0,-1,0
520,NS,0,0,0
519,NS,-1,-1,1
519,NS,-1,0,0
519,NS,0,-1,0
519,NS,0,0,0
518,NS,-1,-1,1
518,NS,-1,0,0
518,NS,0,-1,0
518,NS,0,0,0
517,NS,-1,-1,1
517,NS,-1,0,0
517,NS,0,-1,0
517,NS,0,0,0
516,NS,-1,-1,1
516,NS,-1,0,0
516,NS,0,-1,0
516,NS,0,0,0
514,NS,-1,-1,1
514,NS,-1,0,0
514,NS,0,-1,0
514,NS,0,0,0
513,NS,-1,-1,1
513,NS,-1,0,0
513,NS,0,-1,0
513,NS,0,0,0
512,NS,-1,-1,1
512,NS,-1,0,0
512,NS,0,-1,0
512,NS,0,0,0
511,NS,-1,-1,1
511,NS,-1,0,0
511,NS,0,-1,0
511,NS,0,0,0
510,NS,-1,-1,1
510,NS,-1,0,0
510,NS,0,-1,0
510,NS,0,0,0
509,NS,-1,-1,1
509,NS,-1,0,0
509,NS,0,-1,0
509,NS,0,0,0
508,NB,-1,-1,1
508,NB,-1,0,0
508,NB,0,-1,0
508,NB,0,0,0
507,NB,-1,-1,0.50292975
507,NB,-1,0,0.49707025
507,NB,0,-1,0
507,NB,0,0,0
507,NS,-1,-1,1
507,NS,-1,0,0
507,NS,0,-1,0
507,NS,0,0,0
506,NB,-1,-1,1
506,NB,-1,0,0
506,NB,0,-1,0
506,NB,0,0,0
505,NB,-1,-1,1
505,NB,-1,0,0
505,NB,0,-1,0
505,NB,0,0,0
504,NB,-1,-1,1
504,NB,-1,0,0
504,NB,0,-1,0
504,NB,0,0,0
504,NS,-1,-1,1
504,NS,-1,0,0
504,NS,0,-1,0
504,NS,0,0,0
503,NB,-1,-1,1
503,NB,-1,0,0
503,NB,0,-1,0
503,NB,0,0,0
502,NB,-1,-1,1
502,NB,-1,0,0
502,NB,0,-1,0
502,NB,0,0,0
501,NB,-1,-1,1
501,NB,-1,0,0
501,NB,0,-1,0
501,NB,0,0,0
500,NB,-1,-1,0.99450738
500,NB,-1,0,0.00549262
500,NB,0,-1,0
500,NB,0,0,0
499,NB,-1,-1,1
499,NB,-1,0,0
499,NB,0,-1,0
499,NB,0,0,0
498,NB,-1,-1,1
498,NB,-1,0,0
498,NB,0,-1,0
498,NB,0,0,0
497,NB,-1,-1,0.70820468
497,NB,-1,0,0.29179532
497,NB,0,-1,0
497,NB,0,0,0
496,NB,-1,-1,0.87914548
496,NB,-1,0,0.12085452
496,NB,0,-1,0
496,NB,0,0,0
495,NB,-1,-1,0.79303483
495,NB,-1,0,0.20696517
495,NB,0,-1,0
495,NB,0,0,0
494,NB,-1,-1,0.82283311
494,NB,-1,0,0.17716689
494,NB,0,-1,0
494,NB,0,0,0
493,NB,-1,-1,0.6262511
493,NB,-1,0,0.3737489
493,NB,0,-1,0
493,NB,0,0,0
490,NB,-1,-1,0.37259105
490,NB,-1,0,0.62740895
490,NB,0,-1,0
490,NB,0,0,0
489,NB,-1,-1,0.93463872
489,NB,-1,0,0.06536128
489,NB,0,-1,0
489,NB,0,0,0
488,NB,-1,-1,1
488,NB,-1,0,0
488,NB,0,-1,0
488,NB,0,0,0
487,NB,-1,-1,0.38076687
487,NB,-1,0,0.61923313
487,NB,0,-1,0
487,NB,0,0,0
487,QC,-1,-1,1
487,QC,-1,0,0
487,QC,0,-1,0
487,QC,0,0,0
486,NB,-1,-1,0.70159221
486,NB,-1,0,0.29840779
486,NB,0,-1,0
486,NB,0,0,0
485,NB,-1,-1,1
485,NB,-1,0,0
485,NB,0,-1,0
485,NB,0,0,0
484,NB,-1,-1,1
484,NB,-1,0,0
484,NB,0,-1,0
484,NB,0,0,0
484,QC,-1,-1,1
484,QC,-1,0,0
484,QC,0,-1,0
484,QC,0,0,0
483,QC,-1,-1,0.54464792
483,QC,-1,0,0.45535208
483,QC,0,-1,0
483,QC,0,0,0
482,QC,-1,-1,0.83808968
482,QC,-1,0,0.16191032
482,QC,0,-1,0
482,QC,0,0,0
481,QC,-1,-1,1
481,QC,-1,0,0
481,QC,0,-1,0
481,QC,0,0,0
479,QC,-1,-1,0.92182549
479,QC,-1,0,0.07817451
479,QC,0,-1,0
479,QC,0,0,0
478,QC,-1,-1,0.93413663
478,QC,-1,0,0.06586337
478,QC,0,-1,0
478,QC,0,0,0
477,NL,-1,-1,0
477,NL,-1,0,1
477,NL,0,-1,0
477,NL,0,0,0
475,NL,-1,-1,0.80792641
475,NL,-1,0,0.19207359
475,NL,0,-1,0
475,NL,0,0,0
471,NL,-1,-1,1
471,NL,-1,0,0
471,NL,0,-1,0
471,NL,0,0,0
468,NL,-1,-1,1
468,NL,-1,0,0
468,NL,0,-1,0
468,NL,0,0,0
466,NL,-1,-1,0.48969892
466,NL,-1,0,0.51030108
466,NL,0,-1,0
466,NL,0,0,0
463,NL,-1,-1,1
463,NL,-1,0,0
463,NL,0,-1,0
463,NL,0,0,0
462,NL,-1,-1,1
462,NL,-1,0,0
462,NL,0,-1,0
462,NL,0,0,0
461,NL,-1,-1,1
461,NL,-1,0,0
461,NL,0,-1,0
461,NL,0,0,0
460,NL,-1,-1,1
460,NL,-1,0,0
460,NL,0,-1,0
460,NL,0,0,0
458,NL,-1,-1,0.28467183
458,NL,-1,0,0.71532817
458,NL,0,-1,0
458,NL,0,0,0
455,NL,-1,-1,1
455,NL,-1,0,0
455,NL,0,-1,0
455,NL,0,0,0
441,QC,-1,-1,0.93778139
441,QC,-1,0,0.06221861
441,QC,0,-1,0
441,QC,0,0,0
440,QC,-1,-1,1
440,QC,-1,0,0
440,QC,0,-1,0
440,QC,0,0,0
439,QC,-1,-1,1
439,QC,-1,0,0
439,QC,0,-1,0
439,QC,0,0,0
438,QC,-1,-1,0.75
438,QC,-1,0,0.25
438,QC,0,-1,0
438,QC,0,0,0
431,QC,-1,-1,1
431,QC,-1,0,0
431,QC,0,-1,0
431,QC,0,0,0
426,QC,-1,-1,0.81463616
426,QC,-1,0,0.18536384
426,QC,0,-1,0
426,QC,0,0,0
425,QC,-1,-1,0.63576205
425,QC,-1,0,0.36423795
425,QC,0,-1,0
425,QC,0,0,0
424,QC,-1,-1,0.86277614
424,QC,-1,0,0.13722386
424,QC,0,-1,0
424,QC,0,0,0
423,QC,-1,-1,0.84246368
423,QC,-1,0,0.15753632
423,QC,0,-1,0
423,QC,0,0,0
422,QC,-1,-1,0.59649123
422,QC,-1,0,0.40350877
422,QC,0,-1,0
422,QC,0,0,0
421,QC,-1,-1,0.91987179
421,QC,-1,0,0.08012821
421,QC,0,-1,0
421,QC,0,0,0
419,QC,-1,-1,1
419,QC,-1,0,0
419,QC,0,-1,0
419,QC,0,0,0
418,QC,-1,-1,0.99789889
418,QC,-1,0,0.00210111
418,QC,0,-1,0
418,QC,0,0,0
415,QC,-1,-1,0.45576132
415,QC,-1,0,0.54423868
415,QC,0,-1,0
415,QC,0,0,0
413,ON,-1,-1,0.16172194
413,ON,-1,0,0.83827806
413,ON,0,-1,0
413,ON,0,0,0
412,ON,-1,-1,0
412,ON,-1,0,1
412,ON,0,-1,0
412,ON,0,0,0
411,ON,-1,-1,0.10764375
411,ON,-1,0,0.69403676
411,ON,0,-1,0
411,ON,0,0,0.19831949
410,ON,-1,-1,0.08712221
410,ON,-1,0,0.47726675
410,ON,0,-1,0
410,ON,0,0,0.43561104
409,ON,-1,-1,0.26598395
409,ON,-1,0,0.64710767
409,ON,0,-1,0
409,ON,0,0,0.08690839
408,ON,-1,-1,0
408,ON,-1,0,0
408,ON,0,-1,0
408,ON,0,0,1
408,QC,-1,-1,0.50342642
408,QC,-1,0,0.49657358
408,QC,0,-1,0
408,QC,0,0,0
407,ON,-1,-1,0
407,ON,-1,0,0.71066419
407,ON,0,-1,0
407,ON,0,0,0.28933581
402,ON,-1,-1,0
402,ON,-1,0,0
402,ON,0,-1,0
402,ON,0,0,1
401,ON,-1,-1,0.00321431
401,ON,-1,0,0.12269653
401,ON,0,-1,0
401,ON,0,0,0.87408916
401,QC,-1,-1,0.5032642
401,QC,-1,0,0.4967358
401,QC,0,-1,0
401,QC,0,0,0
400,ON,-1,-1,0
400,ON,-1,0,0
400,ON,0,-1,0
400,ON,0,0,1
391,ON,-1,-1,1
391,ON,-1,0,0
391,ON,0,-1,0
391,ON,0,0,0
386,ON,-1,-1,0
386,ON,-1,0,0
386,ON,0,-1,1
386,ON,0,0,0
383,ON,-1,-1,0.051043
383,ON,-1,0,0.41622755
383,ON,0,-1,0.02528842
383,ON,0,0,0.50744103
381,ON,-1,-1,0
381,ON,-1,0,0
381,ON,0,-1,0
381,ON,0,0,1
380,MB,-1,-1,0.41642856
380,MB,-1,0,0.41661518
380,MB,0,-1,0
380,MB,0,0,0.16695626
379,MB,-1,-1,0.92676041
379,MB,-1,0,0
379,MB,0,-1,0
379,MB,0,0,0.07323959
378,ON,-1,-1,0
378,ON,-1,0,0.30895836
378,ON,0,-1,0.13491615
378,ON,0,0,0.55612549
376,MB,-1,-1,1
376,MB,-1,0,0
376,MB,0,-1,0
376,MB,0,0,0
375,MB,-1,-1,0.21433967
375,MB,-1,0,0.61905768
375,MB,0,-1,0.10088787
375,MB,0,0,0.06571478
374,ON,-1,-1,0
374,ON,-1,0,0
374,ON,0,-1,1
374,ON,0,0,0
371,MB,-1,-1,0
371,MB,-1,0,1
371,MB,0,-1,0
371,MB,0,0,0
252,BC,-1,-1,1
252,BC,-1,0,0
252,BC,0,-1,0
252,BC,0,0,0
244,AB,-1,-1,1
244,AB,-1,0,0
244,AB,0,-1,0
244,AB,0,0,0
244,BC,-1,-1,1
244,BC,-1,0,0
244,BC,0,-1,0
244,BC,0,0,0
