Province_ID,ECODISTRIC,ECOZONE,ZONE_NAME
SK,700,9,Boreal Plains
SK,701,9,Boreal Plains
SK,702,9,Boreal Plains
AB,703,9,Boreal Plains
SK,704,9,Boreal Plains
SK,705,9,Boreal Plains
SK,706,9,Boreal Plains
SK,707,9,Boreal Plains
AB,708,9,Boreal Plains
MB,709,9,Boreal Plains
SK,709,9,Boreal Plains
SK,710,9,Boreal Plains
SK,711,9,Boreal Plains
MB,714,9,Boreal Plains
SK,714,9,Boreal Plains
MB,715,9,Boreal Plains
SK,715,9,Boreal Plains
MB,716,9,Boreal Plains
MB,717,9,Boreal Plains
SK,717,9,Boreal Plains
MB,718,9,Boreal Plains
MB,720,9,Boreal Plains
MB,723,9,Boreal Plains
MB,724,9,Boreal Plains
MB,726,9,Boreal Plains
BC,244,4,Taiga Plain
AB,244,4,Taiga Plain
BC,252,4,Taiga Plain
BC,581,9,Boreal Plains
PE,538,7,Atlantic Maritime
QC,539,7,Atlantic Maritime
QC,478,7,Atlantic Maritime
QC,479,7,Atlantic Maritime
QC,481,7,Atlantic Maritime
NB,481,7,Atlantic Maritime
QC,482,7,Atlantic Maritime
QC,483,7,Atlantic Maritime
NB,484,7,Atlantic Maritime
QC,484,7,Atlantic Maritime
NB,485,7,Atlantic Maritime
NB,486,7,Atlantic Maritime
NB,487,7,Atlantic Maritime
QC,487,7,Atlantic Maritime
NB,488,7,Atlantic Maritime
NB,489,7,Atlantic Maritime
NB,490,7,Atlantic Maritime
NB,493,7,Atlantic Maritime
NB,494,7,Atlantic Maritime
NB,495,7,Atlantic Maritime
NB,497,7,Atlantic Maritime
NB,498,7,Atlantic Maritime
NB,499,7,Atlantic Maritime
NB,500,7,Atlantic Maritime
NB,501,7,Atlantic Maritime
NB,502,7,Atlantic Maritime
NB,503,7,Atlantic Maritime
NS,504,7,Atlantic Maritime
NB,504,7,Atlantic Maritime
NB,505,7,Atlantic Maritime
NB,506,7,Atlantic Maritime
NS,507,7,Atlantic Maritime
NB,507,7,Atlantic Maritime
NB,508,7,Atlantic Maritime
NS,509,7,Atlantic Maritime
NS,510,7,Atlantic Maritime
NS,511,7,Atlantic Maritime
NS,512,7,Atlantic Maritime
NS,513,7,Atlantic Maritime
NS,514,7,Atlantic Maritime
NS,516,7,Atlantic Maritime
NS,517,7,Atlantic Maritime
NS,518,7,Atlantic Maritime
NS,519,7,Atlantic Maritime
NS,520,7,Atlantic Maritime
NS,521,7,Atlantic Maritime
NS,522,7,Atlantic Maritime
NS,523,7,Atlantic Maritime
NS,524,7,Atlantic Maritime
NS,525,7,Atlantic Maritime
NS,527,7,Atlantic Maritime
NS,528,7,Atlantic Maritime
NS,529,7,Atlantic Maritime
NS,530,7,Atlantic Maritime
NS,531,7,Atlantic Maritime
PE,534,7,Atlantic Maritime
PE,535,7,Atlantic Maritime
PE,536,7,Atlantic Maritime
PE,537,7,Atlantic Maritime
SK,689,9,Boreal Plains
SK,690,9,Boreal Plains
SK,691,9,Boreal Plains
AB,692,9,Boreal Plains
SK,693,9,Boreal Plains
SK,694,9,Boreal Plains
SK,695,9,Boreal Plains
SK,696,9,Boreal Plains
SK,697,9,Boreal Plains
SK,698,9,Boreal Plains
SK,699,9,Boreal Plains
AB,583,9,Boreal Plains
BC,583,9,Boreal Plains
BC,585,9,Boreal Plains
AB,586,9,Boreal Plains
AB,587,9,Boreal Plains
AB,588,9,Boreal Plains
AB,589,9,Boreal Plains
AB,590,9,Boreal Plains
BC,591,9,Boreal Plains
AB,591,9,Boreal Plains
AB,592,9,Boreal Plains
AB,593,9,Boreal Plains
AB,594,9,Boreal Plains
AB,595,9,Boreal Plains
AB,596,9,Boreal Plains
AB,597,9,Boreal Plains
AB,598,9,Boreal Plains
AB,599,9,Boreal Plains
AB,600,9,Boreal Plains
AB,607,9,Boreal Plains
AB,609,9,Boreal Plains
AB,610,9,Boreal Plains
BC,610,9,Boreal Plains
AB,611,9,Boreal Plains
AB,612,9,Boreal Plains
AB,614,9,Boreal Plains
AB,615,9,Boreal Plains
AB,616,9,Boreal Plains
AB,617,9,Boreal Plains
AB,618,9,Boreal Plains
BC,618,9,Boreal Plains
AB,619,9,Boreal Plains
AB,622,9,Boreal Plains
AB,623,9,Boreal Plains
AB,624,9,Boreal Plains
AB,625,9,Boreal Plains
AB,626,9,Boreal Plains
AB,627,9,Boreal Plains
AB,628,9,Boreal Plains
AB,629,9,Boreal Plains
AB,630,9,Boreal Plains
AB,631,9,Boreal Plains
SK,640,9,Boreal Plains
SK,647,9,Boreal Plains
AB,650,9,Boreal Plains
SK,653,9,Boreal Plains
SK,657,9,Boreal Plains
SK,658,9,Boreal Plains
SK,660,9,Boreal Plains
SK,661,9,Boreal Plains
MB,667,9,Boreal Plains
SK,669,9,Boreal Plains
MB,669,9,Boreal Plains
SK,672,9,Boreal Plains
MB,677,9,Boreal Plains
AB,678,9,Boreal Plains
AB,679,9,Boreal Plains
SK,680,9,Boreal Plains
AB,680,9,Boreal Plains
AB,681,9,Boreal Plains
SK,682,9,Boreal Plains
AB,683,9,Boreal Plains
AB,684,9,Boreal Plains
SK,685,9,Boreal Plains
AB,686,9,Boreal Plains
SK,686,9,Boreal Plains
AB,687,9,Boreal Plains
SK,687,9,Boreal Plains
AB,688,9,Boreal Plains
AB,9593,9,Boreal Plains
AB,9609,9,Boreal Plains
AB,9687,9,Boreal Plains
BC,969,14,Montane Cordillera
BC,971,14,Montane Cordillera
BC,972,14,Montane Cordillera
BC,974,14,Montane Cordillera
BC,975,14,Montane Cordillera
BC,976,14,Montane Cordillera
BC,977,14,Montane Cordillera
BC,978,14,Montane Cordillera
BC,979,14,Montane Cordillera
BC,980,14,Montane Cordillera
BC,981,14,Montane Cordillera
BC,982,14,Montane Cordillera
BC,984,14,Montane Cordillera
BC,985,14,Montane Cordillera
BC,986,14,Montane Cordillera
BC,987,14,Montane Cordillera
BC,988,14,Montane Cordillera
BC,990,14,Montane Cordillera
BC,991,14,Montane Cordillera
BC,992,14,Montane Cordillera
BC,995,14,Montane Cordillera
BC,1001,14,Montane Cordillera
BC,1002,14,Montane Cordillera
BC,1003,14,Montane Cordillera
BC,1004,14,Montane Cordillera
BC,1005,14,Montane Cordillera
BC,1006,14,Montane Cordillera
BC,1007,14,Montane Cordillera
BC,1008,14,Montane Cordillera
BC,1009,14,Montane Cordillera
BC,1010,14,Montane Cordillera
BC,1011,14,Montane Cordillera
BC,1012,14,Montane Cordillera
BC,1013,14,Montane Cordillera
BC,1015,14,Montane Cordillera
AB,1016,14,Montane Cordillera
AB,1017,14,Montane Cordillera
BC,1017,14,Montane Cordillera
AB,1018,14,Montane Cordillera
AB,1019,14,Montane Cordillera
BC,940,13,Pacific Maritime
BC,943,13,Pacific Maritime
BC,944,13,Pacific Maritime
BC,948,13,Pacific Maritime
BC,950,13,Pacific Maritime
BC,951,13,Pacific Maritime
BC,955,13,Pacific Maritime
BC,956,13,Pacific Maritime
BC,957,13,Pacific Maritime
BC,958,13,Pacific Maritime
BC,959,13,Pacific Maritime
BC,960,13,Pacific Maritime
QC,540,8,MixedWood Plain
ON,541,8,MixedWood Plain
QC,541,8,MixedWood Plain
ON,542,8,MixedWood Plain
ON,543,8,MixedWood Plain
QC,543,8,MixedWood Plain
ON,544,8,MixedWood Plain
ON,545,8,MixedWood Plain
QC,546,8,MixedWood Plain
ON,546,8,MixedWood Plain
ON,547,8,MixedWood Plain
QC,548,8,MixedWood Plain
ON,549,8,MixedWood Plain
ON,550,8,MixedWood Plain
ON,551,8,MixedWood Plain
ON,552,8,MixedWood Plain
ON,553,8,MixedWood Plain
ON,554,8,MixedWood Plain
ON,555,8,MixedWood Plain
ON,556,8,MixedWood Plain
ON,557,8,MixedWood Plain
ON,558,8,MixedWood Plain
ON,559,8,MixedWood Plain
ON,560,8,MixedWood Plain
ON,561,8,MixedWood Plain
ON,562,8,MixedWood Plain
ON,563,8,MixedWood Plain
ON,564,8,MixedWood Plain
ON,565,8,MixedWood Plain
ON,566,8,MixedWood Plain
ON,567,8,MixedWood Plain
ON,568,8,MixedWood Plain
ON,569,8,MixedWood Plain
ON,570,8,MixedWood Plain
ON,571,8,MixedWood Plain
ON,572,8,MixedWood Plain
SK,358,6,Boreal Shield
MB,371,6,Boreal Shield
MB,375,6,Boreal Shield
ON,377,6,Boreal Shield
ON,378,6,Boreal Shield
ON,379,6,Boreal Shield
MB,379,6,Boreal Shield
MB,380,6,Boreal Shield
ON,381,6,Boreal Shield
ON,383,6,Boreal Shield
ON,386,6,Boreal Shield
ON,391,6,Boreal Shield
ON,400,6,Boreal Shield
QC,401,6,Boreal Shield
ON,401,6,Boreal Shield
ON,407,6,Boreal Shield
ON,408,6,Boreal Shield
QC,408,6,Boreal Shield
ON,409,6,Boreal Shield
ON,410,6,Boreal Shield
ON,411,6,Boreal Shield
ON,412,6,Boreal Shield
ON,413,6,Boreal Shield
QC,415,6,Boreal Shield
QC,418,6,Boreal Shield
QC,419,6,Boreal Shield
QC,421,6,Boreal Shield
QC,422,6,Boreal Shield
QC,423,6,Boreal Shield
QC,424,6,Boreal Shield
QC,425,6,Boreal Shield
QC,426,6,Boreal Shield
QC,438,6,Boreal Shield
QC,440,6,Boreal Shield
QC,441,6,Boreal Shield
NL,455,6,Boreal Shield
NL,458,6,Boreal Shield
NL,461,6,Boreal Shield
NL,463,6,Boreal Shield
NL,466,6,Boreal Shield
NL,468,6,Boreal Shield
NL,470,6,Boreal Shield
NL,471,6,Boreal Shield
NL,475,6,Boreal Shield
NL,477,6,Boreal Shield
SK,803,10,Prairie
AB,804,10,Prairie
AB,805,10,Prairie
SK,805,10,Prairie
AB,806,10,Prairie
SK,807,10,Prairie
SK,808,10,Prairie
AB,809,10,Prairie
SK,809,10,Prairie
SK,810,10,Prairie
SK,811,10,Prairie
AB,811,10,Prairie
AB,812,10,Prairie
SK,813,10,Prairie
AB,814,10,Prairie
SK,815,10,Prairie
AB,815,10,Prairie
SK,816,10,Prairie
SK,817,10,Prairie
AB,818,10,Prairie
SK,819,10,Prairie
SK,820,10,Prairie
AB,821,10,Prairie
SK,821,10,Prairie
SK,822,10,Prairie
AB,823,10,Prairie
SK,824,10,Prairie
SK,825,10,Prairie
SK,826,10,Prairie
SK,827,10,Prairie
AB,828,10,Prairie
AB,829,10,Prairie
NB,496,7,Atlantic Maritime
SK,830,10,Prairie
SK,831,10,Prairie
SK,832,10,Prairie
SK,833,10,Prairie
AB,833,10,Prairie
SK,834,10,Prairie
SK,835,10,Prairie
AB,836,10,Prairie
AB,837,10,Prairie
SK,837,10,Prairie
SK,838,10,Prairie
AB,838,10,Prairie
SK,767,10,Prairie
SK,768,10,Prairie
AB,769,10,Prairie
SK,770,10,Prairie
SK,771,10,Prairie
AB,771,10,Prairie
SK,772,10,Prairie
SK,773,10,Prairie
SK,774,10,Prairie
SK,775,10,Prairie
SK,776,10,Prairie
AB,777,10,Prairie
SK,778,10,Prairie
AB,779,10,Prairie
SK,780,10,Prairie
AB,781,10,Prairie
SK,782,10,Prairie
SK,783,10,Prairie
SK,784,10,Prairie
SK,785,10,Prairie
AB,786,10,Prairie
AB,787,10,Prairie
AB,788,10,Prairie
SK,789,10,Prairie
AB,790,10,Prairie
AB,791,10,Prairie
SK,792,10,Prairie
AB,793,10,Prairie
SK,794,10,Prairie
SK,795,10,Prairie
SK,796,10,Prairie
AB,797,10,Prairie
AB,798,10,Prairie
AB,799,10,Prairie
AB,800,10,Prairie
AB,801,10,Prairie
AB,802,10,Prairie
AB,9787,10,Prairie
AB,727,10,Prairie
AB,728,10,Prairie
AB,729,10,Prairie
SK,729,10,Prairie
AB,730,10,Prairie
AB,731,10,Prairie
AB,732,10,Prairie
SK,733,10,Prairie
SK,734,10,Prairie
SK,735,10,Prairie
SK,736,10,Prairie
AB,737,10,Prairie
AB,738,10,Prairie
AB,739,10,Prairie
SK,739,10,Prairie
AB,740,10,Prairie
SK,741,10,Prairie
SK,742,10,Prairie
SK,743,10,Prairie
AB,743,10,Prairie
AB,744,10,Prairie
SK,745,10,Prairie
AB,746,10,Prairie
SK,747,10,Prairie
SK,748,10,Prairie
SK,749,10,Prairie
AB,750,10,Prairie
SK,751,10,Prairie
MB,751,10,Prairie
SK,752,10,Prairie
MB,752,10,Prairie
MB,753,10,Prairie
SK,754,10,Prairie
SK,755,10,Prairie
SK,756,10,Prairie
MB,757,10,Prairie
MB,758,10,Prairie
MB,759,10,Prairie
MB,760,10,Prairie
SK,760,10,Prairie
SK,761,10,Prairie
SK,762,10,Prairie
SK,763,10,Prairie
MB,763,10,Prairie
MB,764,10,Prairie
MB,765,10,Prairie
MB,766,10,Prairie
MB,839,10,Prairie
MB,854,10,Prairie
MB,855,10,Prairie
MB,840,10,Prairie
MB,841,10,Prairie
MB,843,10,Prairie
MB,844,10,Prairie
MB,846,10,Prairie
MB,847,10,Prairie
MB,848,10,Prairie
MB,849,10,Prairie
MB,850,10,Prairie
MB,851,10,Prairie
MB,852,10,Prairie
MB,853,10,Prairie
QC,439,6,Boreal Shield
QC,431,6,Boreal Shield
ON,402,6,Boreal Shield
ON,374,6,Boreal Shield
NL,462,6,Boreal Shield
NL,460,6,Boreal Shield
MB,376,6,Boreal Shield
SK,662,9,Boreal Plains
SK,652,9,Boreal Plains
AB,9607,9,Boreal Plains
AB,584,9,Boreal Plains
BC,962,14,Montane Cordillera
